year,week,matchup_id,home_team_id,home_team_name,home_team_abbrev,home_score,away_team_id,away_team_name,away_team_abbrev,away_score,winner,playoff_type,is_playoff,margin,winning_team_id,winning_team_name,winning_score,losing_team_id,losing_team_name,losing_score
2019,1,0,16,Call 4 Marlons Diggs Pics,8=D~,104.7,10,Fk it chuck it Game time shit,LYDE,110.16,AWAY,NONE,False,5.46,10,Fk it chuck it Game time shit,110.16,16,Call 4 Marlons Diggs Pics,104.7
2019,1,1,14,Max Top Vic Bottom,GOLA,109.36,12,Team Jimbalaya,JIM,94.7,HOME,NONE,False,14.66,14,Max Top Vic Bottom,109.36,12,Team Jimbalaya,94.7
2019,1,2,1,Clowntown Jabronis,JOOS,119.14,5,Team Hodder,A$$,129.1,AWAY,NONE,False,9.96,5,Team Hodder,129.1,1,Clowntown Jabronis,119.14
2019,1,3,13,Team Miceli,cjm,70.8,9,Kappa Sig's Basement Floor,SCUM,118.52,AWAY,NONE,False,47.72,9,Kappa Sig's Basement Floor,118.52,13,Team Miceli,70.8
2019,1,4,17,Team Johnson,JOHN,111.82,15,Daniel Jones,fack,90.12,HOME,NONE,False,21.7,17,Team Johnson,111.82,15,Daniel Jones,90.12
2019,1,5,11,One-sided Pestering,MRVP,145.9,7,Team Curtis,CURT,112.02,HOME,NONE,False,33.88,11,One-sided Pestering,145.9,7,Team Curtis,112.02
2019,2,6,10,Fk it chuck it Game time shit,LYDE,91.32,12,Team Jimbalaya,JIM,109.7,AWAY,NONE,False,18.38,12,Team Jimbalaya,109.7,10,Fk it chuck it Game time shit,91.32
2019,2,7,5,Team Hodder,A$$,97.16,16,Call 4 Marlons Diggs Pics,8=D~,94.08,HOME,NONE,False,3.08,5,Team Hodder,97.16,16,Call 4 Marlons Diggs Pics,94.08
2019,2,8,1,Clowntown Jabronis,JOOS,113.96,14,Max Top Vic Bottom,GOLA,88.52,HOME,NONE,False,25.44,1,Clowntown Jabronis,113.96,14,Max Top Vic Bottom,88.52
2019,2,9,9,Kappa Sig's Basement Floor,SCUM,118.64,15,Daniel Jones,fack,139.42,AWAY,NONE,False,20.78,15,Daniel Jones,139.42,9,Kappa Sig's Basement Floor,118.64
2019,2,10,7,Team Curtis,CURT,82.06,13,Team Miceli,cjm,113.3,AWAY,NONE,False,31.24,13,Team Miceli,113.3,7,Team Curtis,82.06
2019,2,11,11,One-sided Pestering,MRVP,98.6,17,Team Johnson,JOHN,95.62,HOME,NONE,False,2.98,11,One-sided Pestering,98.6,17,Team Johnson,95.62
2019,3,12,5,Team Hodder,A$$,148.4,10,Fk it chuck it Game time shit,LYDE,99.8,HOME,NONE,False,48.6,5,Team Hodder,148.4,10,Fk it chuck it Game time shit,99.8
2019,3,13,12,Team Jimbalaya,JIM,91.56,1,Clowntown Jabronis,JOOS,99.84,AWAY,NONE,False,8.28,1,Clowntown Jabronis,99.84,12,Team Jimbalaya,91.56
2019,3,14,16,Call 4 Marlons Diggs Pics,8=D~,91.08,14,Max Top Vic Bottom,GOLA,96.42,AWAY,NONE,False,5.34,14,Max Top Vic Bottom,96.42,16,Call 4 Marlons Diggs Pics,91.08
2019,3,15,7,Team Curtis,CURT,114.34,9,Kappa Sig's Basement Floor,SCUM,134.96,AWAY,NONE,False,20.62,9,Kappa Sig's Basement Floor,134.96,7,Team Curtis,114.34
2019,3,16,15,Daniel Jones,fack,108.72,11,One-sided Pestering,MRVP,185.24,AWAY,NONE,False,76.52,11,One-sided Pestering,185.24,15,Daniel Jones,108.72
2019,3,17,13,Team Miceli,cjm,79.0,17,Team Johnson,JOHN,138.16,AWAY,NONE,False,59.16,17,Team Johnson,138.16,13,Team Miceli,79.0
2019,4,18,10,Fk it chuck it Game time shit,LYDE,95.5,1,Clowntown Jabronis,JOOS,100.2,AWAY,NONE,False,4.7,1,Clowntown Jabronis,100.2,10,Fk it chuck it Game time shit,95.5
2019,4,19,14,Max Top Vic Bottom,GOLA,112.28,5,Team Hodder,A$$,104.98,HOME,NONE,False,7.3,14,Max Top Vic Bottom,112.28,5,Team Hodder,104.98
2019,4,20,16,Call 4 Marlons Diggs Pics,8=D~,81.78,12,Team Jimbalaya,JIM,100.88,AWAY,NONE,False,19.1,12,Team Jimbalaya,100.88,16,Call 4 Marlons Diggs Pics,81.78
2019,4,21,9,Kappa Sig's Basement Floor,SCUM,99.0,11,One-sided Pestering,MRVP,106.1,AWAY,NONE,False,7.1,11,One-sided Pestering,106.1,9,Kappa Sig's Basement Floor,99.0
2019,4,22,17,Team Johnson,JOHN,102.5,7,Team Curtis,CURT,112.8,AWAY,NONE,False,10.3,7,Team Curtis,112.8,17,Team Johnson,102.5
2019,4,23,13,Team Miceli,cjm,55.78,15,Daniel Jones,fack,131.8,AWAY,NONE,False,76.02,15,Daniel Jones,131.8,13,Team Miceli,55.78
2019,5,24,14,Max Top Vic Bottom,GOLA,131.1,10,Fk it chuck it Game time shit,LYDE,114.06,HOME,NONE,False,17.04,14,Max Top Vic Bottom,131.1,10,Fk it chuck it Game time shit,114.06
2019,5,25,1,Clowntown Jabronis,JOOS,133.72,16,Call 4 Marlons Diggs Pics,8=D~,83.84,HOME,NONE,False,49.88,1,Clowntown Jabronis,133.72,16,Call 4 Marlons Diggs Pics,83.84
2019,5,26,5,Team Hodder,A$$,88.24,12,Team Jimbalaya,JIM,95.3,AWAY,NONE,False,7.06,12,Team Jimbalaya,95.3,5,Team Hodder,88.24
2019,5,27,17,Team Johnson,JOHN,99.14,9,Kappa Sig's Basement Floor,SCUM,152.76,AWAY,NONE,False,53.62,9,Kappa Sig's Basement Floor,152.76,17,Team Johnson,99.14
2019,5,28,11,One-sided Pestering,MRVP,92.62,13,Team Miceli,cjm,91.3,HOME,NONE,False,1.32,11,One-sided Pestering,92.62,13,Team Miceli,91.3
2019,5,29,7,Team Curtis,CURT,153.94,15,Daniel Jones,fack,121.52,HOME,NONE,False,32.42,7,Team Curtis,153.94,15,Daniel Jones,121.52
2019,6,30,10,Fk it chuck it Game time shit,LYDE,73.5,9,Kappa Sig's Basement Floor,SCUM,96.24,AWAY,NONE,False,22.74,9,Kappa Sig's Basement Floor,96.24,10,Fk it chuck it Game time shit,73.5
2019,6,31,16,Call 4 Marlons Diggs Pics,8=D~,100.84,13,Team Miceli,cjm,77.8,HOME,NONE,False,23.04,16,Call 4 Marlons Diggs Pics,100.84,13,Team Miceli,77.8
2019,6,32,12,Team Jimbalaya,JIM,104.34,15,Daniel Jones,fack,146.9,AWAY,NONE,False,42.56,15,Daniel Jones,146.9,12,Team Jimbalaya,104.34
2019,6,33,5,Team Hodder,A$$,78.92,7,Team Curtis,CURT,121.9,AWAY,NONE,False,42.98,7,Team Curtis,121.9,5,Team Hodder,78.92
2019,6,34,1,Clowntown Jabronis,JOOS,111.26,11,One-sided Pestering,MRVP,107.7,HOME,NONE,False,3.56,1,Clowntown Jabronis,111.26,11,One-sided Pestering,107.7
2019,6,35,14,Max Top Vic Bottom,GOLA,108.32,17,Team Johnson,JOHN,98.12,HOME,NONE,False,10.2,14,Max Top Vic Bottom,108.32,17,Team Johnson,98.12
2019,7,36,9,Kappa Sig's Basement Floor,SCUM,127.34,16,Call 4 Marlons Diggs Pics,8=D~,79.62,HOME,NONE,False,47.72,9,Kappa Sig's Basement Floor,127.34,16,Call 4 Marlons Diggs Pics,79.62
2019,7,37,13,Team Miceli,cjm,66.92,12,Team Jimbalaya,JIM,119.36,AWAY,NONE,False,52.44,12,Team Jimbalaya,119.36,13,Team Miceli,66.92
2019,7,38,15,Daniel Jones,fack,117.06,5,Team Hodder,A$$,134.56,AWAY,NONE,False,17.5,5,Team Hodder,134.56,15,Daniel Jones,117.06
2019,7,39,7,Team Curtis,CURT,113.62,1,Clowntown Jabronis,JOOS,53.86,HOME,NONE,False,59.76,7,Team Curtis,113.62,1,Clowntown Jabronis,53.86
2019,7,40,11,One-sided Pestering,MRVP,96.64,14,Max Top Vic Bottom,GOLA,114.18,AWAY,NONE,False,17.54,14,Max Top Vic Bottom,114.18,11,One-sided Pestering,96.64
2019,7,41,17,Team Johnson,JOHN,63.74,10,Fk it chuck it Game time shit,LYDE,101.4,AWAY,NONE,False,37.66,10,Fk it chuck it Game time shit,101.4,17,Team Johnson,63.74
2019,8,42,12,Team Jimbalaya,JIM,45.3,9,Kappa Sig's Basement Floor,SCUM,184.78,AWAY,NONE,False,139.48,9,Kappa Sig's Basement Floor,184.78,12,Team Jimbalaya,45.3
2019,8,43,5,Team Hodder,A$$,143.6,13,Team Miceli,cjm,116.58,HOME,NONE,False,27.02,5,Team Hodder,143.6,13,Team Miceli,116.58
2019,8,44,1,Clowntown Jabronis,JOOS,110.16,15,Daniel Jones,fack,128.98,AWAY,NONE,False,18.82,15,Daniel Jones,128.98,1,Clowntown Jabronis,110.16
2019,8,45,14,Max Top Vic Bottom,GOLA,113.46,7,Team Curtis,CURT,85.26,HOME,NONE,False,28.2,14,Max Top Vic Bottom,113.46,7,Team Curtis,85.26
2019,8,46,10,Fk it chuck it Game time shit,LYDE,121.94,11,One-sided Pestering,MRVP,106.68,HOME,NONE,False,15.26,10,Fk it chuck it Game time shit,121.94,11,One-sided Pestering,106.68
2019,8,47,16,Call 4 Marlons Diggs Pics,8=D~,101.44,17,Team Johnson,JOHN,113.56,AWAY,NONE,False,12.12,17,Team Johnson,113.56,16,Call 4 Marlons Diggs Pics,101.44
2019,9,48,9,Kappa Sig's Basement Floor,SCUM,80.46,5,Team Hodder,A$$,92.44,AWAY,NONE,False,11.98,5,Team Hodder,92.44,9,Kappa Sig's Basement Floor,80.46
2019,9,49,13,Team Miceli,cjm,114.0,1,Clowntown Jabronis,JOOS,128.8,AWAY,NONE,False,14.8,1,Clowntown Jabronis,128.8,13,Team Miceli,114.0
2019,9,50,15,Daniel Jones,fack,112.94,14,Max Top Vic Bottom,GOLA,101.7,HOME,NONE,False,11.24,15,Daniel Jones,112.94,14,Max Top Vic Bottom,101.7
2019,9,51,7,Team Curtis,CURT,102.44,10,Fk it chuck it Game time shit,LYDE,115.5,AWAY,NONE,False,13.06,10,Fk it chuck it Game time shit,115.5,7,Team Curtis,102.44
2019,9,52,11,One-sided Pestering,MRVP,164.82,16,Call 4 Marlons Diggs Pics,8=D~,83.58,HOME,NONE,False,81.24,11,One-sided Pestering,164.82,16,Call 4 Marlons Diggs Pics,83.58
2019,9,53,17,Team Johnson,JOHN,93.76,12,Team Jimbalaya,JIM,112.36,AWAY,NONE,False,18.6,12,Team Jimbalaya,112.36,17,Team Johnson,93.76
2019,10,54,1,Clowntown Jabronis,JOOS,89.72,9,Kappa Sig's Basement Floor,SCUM,124.68,AWAY,NONE,False,34.96,9,Kappa Sig's Basement Floor,124.68,1,Clowntown Jabronis,89.72
2019,10,55,14,Max Top Vic Bottom,GOLA,136.74,13,Team Miceli,cjm,97.5,HOME,NONE,False,39.24,14,Max Top Vic Bottom,136.74,13,Team Miceli,97.5
2019,10,56,10,Fk it chuck it Game time shit,LYDE,138.12,15,Daniel Jones,fack,125.96,HOME,NONE,False,12.16,10,Fk it chuck it Game time shit,138.12,15,Daniel Jones,125.96
2019,10,57,16,Call 4 Marlons Diggs Pics,8=D~,93.52,7,Team Curtis,CURT,106.82,AWAY,NONE,False,13.3,7,Team Curtis,106.82,16,Call 4 Marlons Diggs Pics,93.52
2019,10,58,12,Team Jimbalaya,JIM,100.58,11,One-sided Pestering,MRVP,95.18,HOME,NONE,False,5.4,12,Team Jimbalaya,100.58,11,One-sided Pestering,95.18
2019,10,59,5,Team Hodder,A$$,98.72,17,Team Johnson,JOHN,95.74,HOME,NONE,False,2.98,5,Team Hodder,98.72,17,Team Johnson,95.74
2019,11,60,9,Kappa Sig's Basement Floor,SCUM,92.22,14,Max Top Vic Bottom,GOLA,143.74,AWAY,NONE,False,51.52,14,Max Top Vic Bottom,143.74,9,Kappa Sig's Basement Floor,92.22
2019,11,61,13,Team Miceli,cjm,43.54,10,Fk it chuck it Game time shit,LYDE,78.72,AWAY,NONE,False,35.18,10,Fk it chuck it Game time shit,78.72,13,Team Miceli,43.54
2019,11,62,15,Daniel Jones,fack,73.7,16,Call 4 Marlons Diggs Pics,8=D~,128.58,AWAY,NONE,False,54.88,16,Call 4 Marlons Diggs Pics,128.58,15,Daniel Jones,73.7
2019,11,63,7,Team Curtis,CURT,58.16,12,Team Jimbalaya,JIM,106.72,AWAY,NONE,False,48.56,12,Team Jimbalaya,106.72,7,Team Curtis,58.16
2019,11,64,11,One-sided Pestering,MRVP,115.34,5,Team Hodder,A$$,108.92,HOME,NONE,False,6.42,11,One-sided Pestering,115.34,5,Team Hodder,108.92
2019,11,65,17,Team Johnson,JOHN,96.4,1,Clowntown Jabronis,JOOS,107.64,AWAY,NONE,False,11.24,1,Clowntown Jabronis,107.64,17,Team Johnson,96.4
2019,12,66,9,Kappa Sig's Basement Floor,SCUM,88.04,10,Fk it chuck it Game time shit,LYDE,94.72,AWAY,NONE,False,6.68,10,Fk it chuck it Game time shit,94.72,9,Kappa Sig's Basement Floor,88.04
2019,12,67,13,Team Miceli,cjm,94.18,16,Call 4 Marlons Diggs Pics,8=D~,67.46,HOME,NONE,False,26.72,13,Team Miceli,94.18,16,Call 4 Marlons Diggs Pics,67.46
2019,12,68,15,Daniel Jones,fack,158.38,12,Team Jimbalaya,JIM,68.94,HOME,NONE,False,89.44,15,Daniel Jones,158.38,12,Team Jimbalaya,68.94
2019,12,69,7,Team Curtis,CURT,105.22,5,Team Hodder,A$$,98.06,HOME,NONE,False,7.16,7,Team Curtis,105.22,5,Team Hodder,98.06
2019,12,70,11,One-sided Pestering,MRVP,110.8,1,Clowntown Jabronis,JOOS,129.8,AWAY,NONE,False,19.0,1,Clowntown Jabronis,129.8,11,One-sided Pestering,110.8
2019,12,71,17,Team Johnson,JOHN,100.42,14,Max Top Vic Bottom,GOLA,103.1,AWAY,NONE,False,2.68,14,Max Top Vic Bottom,103.1,17,Team Johnson,100.42
2019,13,72,16,Call 4 Marlons Diggs Pics,8=D~,67.9,9,Kappa Sig's Basement Floor,SCUM,95.94,AWAY,NONE,False,28.04,9,Kappa Sig's Basement Floor,95.94,16,Call 4 Marlons Diggs Pics,67.9
2019,13,73,12,Team Jimbalaya,JIM,83.96,13,Team Miceli,cjm,122.56,AWAY,NONE,False,38.6,13,Team Miceli,122.56,12,Team Jimbalaya,83.96
2019,13,74,5,Team Hodder,A$$,124.82,15,Daniel Jones,fack,107.82,HOME,NONE,False,17.0,5,Team Hodder,124.82,15,Daniel Jones,107.82
2019,13,75,1,Clowntown Jabronis,JOOS,67.74,7,Team Curtis,CURT,102.56,AWAY,NONE,False,34.82,7,Team Curtis,102.56,1,Clowntown Jabronis,67.74
2019,13,76,14,Max Top Vic Bottom,GOLA,123.86,11,One-sided Pestering,MRVP,79.4,HOME,NONE,False,44.46,14,Max Top Vic Bottom,123.86,11,One-sided Pestering,79.4
2019,13,77,10,Fk it chuck it Game time shit,LYDE,95.82,17,Team Johnson,JOHN,122.8,AWAY,NONE,False,26.98,17,Team Johnson,122.8,10,Fk it chuck it Game time shit,95.82
2019,14,78,14,Max Top Vic Bottom,GOLA,120.24,12,Team Jimbalaya,JIM,84.72,HOME,WINNERS_BRACKET,True,35.52,14,Max Top Vic Bottom,120.24,12,Team Jimbalaya,84.72
2019,14,79,1,Clowntown Jabronis,JOOS,88.46,11,One-sided Pestering,MRVP,102.3,AWAY,WINNERS_BRACKET,True,13.84,11,One-sided Pestering,102.3,1,Clowntown Jabronis,88.46
2019,14,80,5,Team Hodder,A$$,68.3,7,Team Curtis,CURT,88.08,AWAY,WINNERS_BRACKET,True,19.78,7,Team Curtis,88.08,5,Team Hodder,68.3
2019,14,81,9,Kappa Sig's Basement Floor,SCUM,141.9,10,Fk it chuck it Game time shit,LYDE,130.84,HOME,WINNERS_BRACKET,True,11.06,9,Kappa Sig's Basement Floor,141.9,10,Fk it chuck it Game time shit,130.84
2019,14,82,15,Daniel Jones,fack,96.94,17,Team Johnson,JOHN,110.82,AWAY,LOSERS_CONSOLATION_LADDER,True,13.88,17,Team Johnson,110.82,15,Daniel Jones,96.94
2019,14,83,13,Team Miceli,cjm,80.82,16,Call 4 Marlons Diggs Pics,8=D~,106.9,AWAY,LOSERS_CONSOLATION_LADDER,True,26.08,16,Call 4 Marlons Diggs Pics,106.9,13,Team Miceli,80.82
2019,15,84,14,Max Top Vic Bottom,GOLA,125.28,11,One-sided Pestering,MRVP,109.24,HOME,WINNERS_BRACKET,True,16.04,14,Max Top Vic Bottom,125.28,11,One-sided Pestering,109.24
2019,15,85,9,Kappa Sig's Basement Floor,SCUM,90.84,7,Team Curtis,CURT,128.02,AWAY,WINNERS_BRACKET,True,37.18,7,Team Curtis,128.02,9,Kappa Sig's Basement Floor,90.84
2019,15,86,5,Team Hodder,A$$,96.52,1,Clowntown Jabronis,JOOS,128.12,AWAY,WINNERS_CONSOLATION_LADDER,True,31.6,1,Clowntown Jabronis,128.12,5,Team Hodder,96.52
2019,15,87,10,Fk it chuck it Game time shit,LYDE,128.32,12,Team Jimbalaya,JIM,107.2,HOME,WINNERS_CONSOLATION_LADDER,True,21.12,10,Fk it chuck it Game time shit,128.32,12,Team Jimbalaya,107.2
2019,15,88,17,Team Johnson,JOHN,144.5,16,Call 4 Marlons Diggs Pics,8=D~,76.88,HOME,LOSERS_CONSOLATION_LADDER,True,67.62,17,Team Johnson,144.5,16,Call 4 Marlons Diggs Pics,76.88
2019,15,89,15,Daniel Jones,fack,138.16,13,Team Miceli,cjm,90.36,HOME,LOSERS_CONSOLATION_LADDER,True,47.8,15,Daniel Jones,138.16,13,Team Miceli,90.36
2019,16,90,14,Max Top Vic Bottom,GOLA,110.48,7,Team Curtis,CURT,93.26,HOME,WINNERS_BRACKET,True,17.22,14,Max Top Vic Bottom,110.48,7,Team Curtis,93.26
2019,16,91,9,Kappa Sig's Basement Floor,SCUM,99.46,11,One-sided Pestering,MRVP,90.86,HOME,WINNERS_CONSOLATION_LADDER,True,8.6,9,Kappa Sig's Basement Floor,99.46,11,One-sided Pestering,90.86
2019,16,92,1,Clowntown Jabronis,JOOS,133.04,10,Fk it chuck it Game time shit,LYDE,101.9,HOME,WINNERS_CONSOLATION_LADDER,True,31.14,1,Clowntown Jabronis,133.04,10,Fk it chuck it Game time shit,101.9
2019,16,93,5,Team Hodder,A$$,143.94,12,Team Jimbalaya,JIM,69.96,HOME,WINNERS_CONSOLATION_LADDER,True,73.98,5,Team Hodder,143.94,12,Team Jimbalaya,69.96
2019,16,94,15,Daniel Jones,fack,89.42,17,Team Johnson,JOHN,92.94,AWAY,LOSERS_CONSOLATION_LADDER,True,3.52,17,Team Johnson,92.94,15,Daniel Jones,89.42
2019,16,95,13,Team Miceli,cjm,120.02,16,Call 4 Marlons Diggs Pics,8=D~,132.22,AWAY,LOSERS_CONSOLATION_LADDER,True,12.2,16,Call 4 Marlons Diggs Pics,132.22,13,Team Miceli,120.02
2020,1,0,16,DeAndre WAPkins,8=D~,66.3,10,Fk it chuck it Game time shit,LYDE,78.74,AWAY,NONE,False,12.44,10,Fk it chuck it Game time shit,78.74,16,DeAndre WAPkins,66.3
2020,1,1,14,Max Top Vic Bottom,GOLA,70.4,12,Team Ron Jones Pwns,JIM,121.22,AWAY,NONE,False,50.82,12,Team Ron Jones Pwns,121.22,14,Max Top Vic Bottom,70.4
2020,1,2,1,Clowntown Jabronis,JOOS,133.9,5,Team Hodder,A$$,127.08,HOME,NONE,False,6.82,1,Clowntown Jabronis,133.9,5,Team Hodder,127.08
2020,1,3,13,Gotham City Ineffective Cop,GCC,134.6,9,Wet Ass Patrick!,WAP,125.6,HOME,NONE,False,9.0,13,Gotham City Ineffective Cop,134.6,9,Wet Ass Patrick!,125.6
2020,1,4,17,Vic top Max bottom,KUNt,91.54,15,Daniel Jones,fack,100.76,AWAY,NONE,False,9.22,15,Daniel Jones,100.76,17,Vic top Max bottom,91.54
2020,1,5,11,The Twins,MRVP,121.06,7,Team Curtis,CURT,147.28,AWAY,NONE,False,26.22,7,Team Curtis,147.28,11,The Twins,121.06
2020,2,6,10,Fk it chuck it Game time shit,LYDE,160.1,12,Team Ron Jones Pwns,JIM,99.84,HOME,NONE,False,60.26,10,Fk it chuck it Game time shit,160.1,12,Team Ron Jones Pwns,99.84
2020,2,7,5,Team Hodder,A$$,91.52,16,DeAndre WAPkins,8=D~,97.18,AWAY,NONE,False,5.66,16,DeAndre WAPkins,97.18,5,Team Hodder,91.52
2020,2,8,1,Clowntown Jabronis,JOOS,89.86,14,Max Top Vic Bottom,GOLA,109.08,AWAY,NONE,False,19.22,14,Max Top Vic Bottom,109.08,1,Clowntown Jabronis,89.86
2020,2,9,9,Wet Ass Patrick!,WAP,150.54,15,Daniel Jones,fack,150.34,HOME,NONE,False,0.2,9,Wet Ass Patrick!,150.54,15,Daniel Jones,150.34
2020,2,10,7,Team Curtis,CURT,157.0,13,Gotham City Ineffective Cop,GCC,143.22,HOME,NONE,False,13.78,7,Team Curtis,157.0,13,Gotham City Ineffective Cop,143.22
2020,2,11,11,The Twins,MRVP,98.58,17,Vic top Max bottom,KUNt,108.88,AWAY,NONE,False,10.3,17,Vic top Max bottom,108.88,11,The Twins,98.58
2020,3,12,5,Team Hodder,A$$,124.5,10,Fk it chuck it Game time shit,LYDE,142.08,AWAY,NONE,False,17.58,10,Fk it chuck it Game time shit,142.08,5,Team Hodder,124.5
2020,3,13,12,Team Ron Jones Pwns,JIM,111.68,1,Clowntown Jabronis,JOOS,96.08,HOME,NONE,False,15.6,12,Team Ron Jones Pwns,111.68,1,Clowntown Jabronis,96.08
2020,3,14,16,DeAndre WAPkins,8=D~,80.7,14,Max Top Vic Bottom,GOLA,108.9,AWAY,NONE,False,28.2,14,Max Top Vic Bottom,108.9,16,DeAndre WAPkins,80.7
2020,3,15,7,Team Curtis,CURT,131.24,9,Wet Ass Patrick!,WAP,134.2,AWAY,NONE,False,2.96,9,Wet Ass Patrick!,134.2,7,Team Curtis,131.24
2020,3,16,15,Daniel Jones,fack,101.54,11,The Twins,MRVP,109.58,AWAY,NONE,False,8.04,11,The Twins,109.58,15,Daniel Jones,101.54
2020,3,17,13,Gotham City Ineffective Cop,GCC,108.92,17,Vic top Max bottom,KUNt,131.5,AWAY,NONE,False,22.58,17,Vic top Max bottom,131.5,13,Gotham City Ineffective Cop,108.92
2020,4,18,10,Fk it chuck it Game time shit,LYDE,115.58,1,Clowntown Jabronis,JOOS,154.42,AWAY,NONE,False,38.84,1,Clowntown Jabronis,154.42,10,Fk it chuck it Game time shit,115.58
2020,4,19,14,Max Top Vic Bottom,GOLA,131.24,5,Team Hodder,A$$,135.0,AWAY,NONE,False,3.76,5,Team Hodder,135.0,14,Max Top Vic Bottom,131.24
2020,4,20,16,DeAndre WAPkins,8=D~,115.74,12,Team Ron Jones Pwns,JIM,90.1,HOME,NONE,False,25.64,16,DeAndre WAPkins,115.74,12,Team Ron Jones Pwns,90.1
2020,4,21,9,Wet Ass Patrick!,WAP,127.62,11,The Twins,MRVP,139.76,AWAY,NONE,False,12.14,11,The Twins,139.76,9,Wet Ass Patrick!,127.62
2020,4,22,17,Vic top Max bottom,KUNt,76.44,7,Team Curtis,CURT,87.52,AWAY,NONE,False,11.08,7,Team Curtis,87.52,17,Vic top Max bottom,76.44
2020,4,23,13,Gotham City Ineffective Cop,GCC,94.3,15,Daniel Jones,fack,93.9,HOME,NONE,False,0.4,13,Gotham City Ineffective Cop,94.3,15,Daniel Jones,93.9
2020,5,24,14,Max Top Vic Bottom,GOLA,81.64,10,Fk it chuck it Game time shit,LYDE,111.94,AWAY,NONE,False,30.3,10,Fk it chuck it Game time shit,111.94,14,Max Top Vic Bottom,81.64
2020,5,25,1,Clowntown Jabronis,JOOS,117.5,16,DeAndre WAPkins,8=D~,88.74,HOME,NONE,False,28.76,1,Clowntown Jabronis,117.5,16,DeAndre WAPkins,88.74
2020,5,26,5,Team Hodder,A$$,131.28,12,Team Ron Jones Pwns,JIM,117.26,HOME,NONE,False,14.02,5,Team Hodder,131.28,12,Team Ron Jones Pwns,117.26
2020,5,27,17,Vic top Max bottom,KUNt,119.2,9,Wet Ass Patrick!,WAP,135.8,AWAY,NONE,False,16.6,9,Wet Ass Patrick!,135.8,17,Vic top Max bottom,119.2
2020,5,28,11,The Twins,MRVP,89.66,13,Gotham City Ineffective Cop,GCC,98.84,AWAY,NONE,False,9.18,13,Gotham City Ineffective Cop,98.84,11,The Twins,89.66
2020,5,29,7,Team Curtis,CURT,101.62,15,Daniel Jones,fack,77.68,HOME,NONE,False,23.94,7,Team Curtis,101.62,15,Daniel Jones,77.68
2020,6,30,10,Fk it chuck it Game time shit,LYDE,114.42,9,Wet Ass Patrick!,WAP,98.22,HOME,NONE,False,16.2,10,Fk it chuck it Game time shit,114.42,9,Wet Ass Patrick!,98.22
2020,6,31,16,DeAndre WAPkins,8=D~,85.12,13,Gotham City Ineffective Cop,GCC,102.44,AWAY,NONE,False,17.32,13,Gotham City Ineffective Cop,102.44,16,DeAndre WAPkins,85.12
2020,6,32,12,Team Ron Jones Pwns,JIM,172.2,15,Daniel Jones,fack,94.06,HOME,NONE,False,78.14,12,Team Ron Jones Pwns,172.2,15,Daniel Jones,94.06
2020,6,33,5,Team Hodder,A$$,54.54,7,Team Curtis,CURT,97.98,AWAY,NONE,False,43.44,7,Team Curtis,97.98,5,Team Hodder,54.54
2020,6,34,1,Clowntown Jabronis,JOOS,98.44,11,The Twins,MRVP,72.48,HOME,NONE,False,25.96,1,Clowntown Jabronis,98.44,11,The Twins,72.48
2020,6,35,14,Max Top Vic Bottom,GOLA,68.22,17,Vic top Max bottom,KUNt,133.0,AWAY,NONE,False,64.78,17,Vic top Max bottom,133.0,14,Max Top Vic Bottom,68.22
2020,7,36,9,Wet Ass Patrick!,WAP,108.94,16,DeAndre WAPkins,8=D~,106.96,HOME,NONE,False,1.98,9,Wet Ass Patrick!,108.94,16,DeAndre WAPkins,106.96
2020,7,37,13,Gotham City Ineffective Cop,GCC,132.72,12,Team Ron Jones Pwns,JIM,124.26,HOME,NONE,False,8.46,13,Gotham City Ineffective Cop,132.72,12,Team Ron Jones Pwns,124.26
2020,7,38,15,Daniel Jones,fack,148.68,5,Team Hodder,A$$,102.02,HOME,NONE,False,46.66,15,Daniel Jones,148.68,5,Team Hodder,102.02
2020,7,39,7,Team Curtis,CURT,101.58,1,Clowntown Jabronis,JOOS,59.72,HOME,NONE,False,41.86,7,Team Curtis,101.58,1,Clowntown Jabronis,59.72
2020,7,40,11,The Twins,MRVP,118.16,14,Max Top Vic Bottom,GOLA,76.36,HOME,NONE,False,41.8,11,The Twins,118.16,14,Max Top Vic Bottom,76.36
2020,7,41,17,Vic top Max bottom,KUNt,70.3,10,Fk it chuck it Game time shit,LYDE,117.6,AWAY,NONE,False,47.3,10,Fk it chuck it Game time shit,117.6,17,Vic top Max bottom,70.3
2020,8,42,12,Team Ron Jones Pwns,JIM,78.36,9,Wet Ass Patrick!,WAP,96.04,AWAY,NONE,False,17.68,9,Wet Ass Patrick!,96.04,12,Team Ron Jones Pwns,78.36
2020,8,43,5,Team Hodder,A$$,112.64,13,Gotham City Ineffective Cop,GCC,96.24,HOME,NONE,False,16.4,5,Team Hodder,112.64,13,Gotham City Ineffective Cop,96.24
2020,8,44,1,Clowntown Jabronis,JOOS,116.32,15,Daniel Jones,fack,98.22,HOME,NONE,False,18.1,1,Clowntown Jabronis,116.32,15,Daniel Jones,98.22
2020,8,45,14,Max Top Vic Bottom,GOLA,85.12,7,Team Curtis,CURT,98.16,AWAY,NONE,False,13.04,7,Team Curtis,98.16,14,Max Top Vic Bottom,85.12
2020,8,46,10,Fk it chuck it Game time shit,LYDE,98.0,11,The Twins,MRVP,99.76,AWAY,NONE,False,1.76,11,The Twins,99.76,10,Fk it chuck it Game time shit,98.0
2020,8,47,16,DeAndre WAPkins,8=D~,84.54,17,Vic top Max bottom,KUNt,122.64,AWAY,NONE,False,38.1,17,Vic top Max bottom,122.64,16,DeAndre WAPkins,84.54
2020,9,48,9,Wet Ass Patrick!,WAP,111.4,5,Team Hodder,A$$,99.8,HOME,NONE,False,11.6,9,Wet Ass Patrick!,111.4,5,Team Hodder,99.8
2020,9,49,13,Gotham City Ineffective Cop,GCC,111.16,1,Clowntown Jabronis,JOOS,116.1,AWAY,NONE,False,4.94,1,Clowntown Jabronis,116.1,13,Gotham City Ineffective Cop,111.16
2020,9,50,15,Daniel Jones,fack,96.94,14,Max Top Vic Bottom,GOLA,48.34,HOME,NONE,False,48.6,15,Daniel Jones,96.94,14,Max Top Vic Bottom,48.34
2020,9,51,7,Team Curtis,CURT,138.5,10,Fk it chuck it Game time shit,LYDE,135.42,HOME,NONE,False,3.08,7,Team Curtis,138.5,10,Fk it chuck it Game time shit,135.42
2020,9,52,11,The Twins,MRVP,93.06,16,DeAndre WAPkins,8=D~,82.6,HOME,NONE,False,10.46,11,The Twins,93.06,16,DeAndre WAPkins,82.6
2020,9,53,17,Vic top Max bottom,KUNt,101.08,12,Team Ron Jones Pwns,JIM,64.04,HOME,NONE,False,37.04,17,Vic top Max bottom,101.08,12,Team Ron Jones Pwns,64.04
2020,10,54,1,Clowntown Jabronis,JOOS,96.46,9,Wet Ass Patrick!,WAP,119.5,AWAY,NONE,False,23.04,9,Wet Ass Patrick!,119.5,1,Clowntown Jabronis,96.46
2020,10,55,14,Max Top Vic Bottom,GOLA,74.92,13,Gotham City Ineffective Cop,GCC,106.94,AWAY,NONE,False,32.02,13,Gotham City Ineffective Cop,106.94,14,Max Top Vic Bottom,74.92
2020,10,56,10,Fk it chuck it Game time shit,LYDE,73.48,15,Daniel Jones,fack,100.38,AWAY,NONE,False,26.9,15,Daniel Jones,100.38,10,Fk it chuck it Game time shit,73.48
2020,10,57,16,DeAndre WAPkins,8=D~,103.88,7,Team Curtis,CURT,103.06,HOME,NONE,False,0.82,16,DeAndre WAPkins,103.88,7,Team Curtis,103.06
2020,10,58,12,Team Ron Jones Pwns,JIM,86.32,11,The Twins,MRVP,102.74,AWAY,NONE,False,16.42,11,The Twins,102.74,12,Team Ron Jones Pwns,86.32
2020,10,59,5,Team Hodder,A$$,68.62,17,Vic top Max bottom,KUNt,83.86,AWAY,NONE,False,15.24,17,Vic top Max bottom,83.86,5,Team Hodder,68.62
2020,11,60,9,Wet Ass Patrick!,WAP,116.42,14,Max Top Vic Bottom,GOLA,99.9,HOME,NONE,False,16.52,9,Wet Ass Patrick!,116.42,14,Max Top Vic Bottom,99.9
2020,11,61,13,Gotham City Ineffective Cop,GCC,88.48,10,Fk it chuck it Game time shit,LYDE,121.44,AWAY,NONE,False,32.96,10,Fk it chuck it Game time shit,121.44,13,Gotham City Ineffective Cop,88.48
2020,11,62,15,Daniel Jones,fack,103.94,16,DeAndre WAPkins,8=D~,79.7,HOME,NONE,False,24.24,15,Daniel Jones,103.94,16,DeAndre WAPkins,79.7
2020,11,63,7,Team Curtis,CURT,133.86,12,Team Ron Jones Pwns,JIM,119.36,HOME,NONE,False,14.5,7,Team Curtis,133.86,12,Team Ron Jones Pwns,119.36
2020,11,64,11,The Twins,MRVP,77.48,5,Team Hodder,A$$,122.98,AWAY,NONE,False,45.5,5,Team Hodder,122.98,11,The Twins,77.48
2020,11,65,17,Vic top Max bottom,KUNt,110.52,1,Clowntown Jabronis,JOOS,107.54,HOME,NONE,False,2.98,17,Vic top Max bottom,110.52,1,Clowntown Jabronis,107.54
2020,12,66,9,Wet Ass Patrick!,WAP,60.2,10,Fk it chuck it Game time shit,LYDE,173.32,AWAY,NONE,False,113.12,10,Fk it chuck it Game time shit,173.32,9,Wet Ass Patrick!,60.2
2020,12,67,13,Gotham City Ineffective Cop,GCC,78.9,16,DeAndre WAPkins,8=D~,74.5,HOME,NONE,False,4.4,13,Gotham City Ineffective Cop,78.9,16,DeAndre WAPkins,74.5
2020,12,68,15,Daniel Jones,fack,103.14,12,Team Ron Jones Pwns,JIM,158.82,AWAY,NONE,False,55.68,12,Team Ron Jones Pwns,158.82,15,Daniel Jones,103.14
2020,12,69,7,Team Curtis,CURT,91.48,5,Team Hodder,A$$,128.7,AWAY,NONE,False,37.22,5,Team Hodder,128.7,7,Team Curtis,91.48
2020,12,70,11,The Twins,MRVP,104.1,1,Clowntown Jabronis,JOOS,56.06,HOME,NONE,False,48.04,11,The Twins,104.1,1,Clowntown Jabronis,56.06
2020,12,71,17,Vic top Max bottom,KUNt,151.48,14,Max Top Vic Bottom,GOLA,93.3,HOME,NONE,False,58.18,17,Vic top Max bottom,151.48,14,Max Top Vic Bottom,93.3
2020,13,72,16,DeAndre WAPkins,8=D~,80.24,9,Wet Ass Patrick!,WAP,100.02,AWAY,NONE,False,19.78,9,Wet Ass Patrick!,100.02,16,DeAndre WAPkins,80.24
2020,13,73,12,Team Ron Jones Pwns,JIM,88.24,13,Gotham City Ineffective Cop,GCC,118.8,AWAY,NONE,False,30.56,13,Gotham City Ineffective Cop,118.8,12,Team Ron Jones Pwns,88.24
2020,13,74,5,Team Hodder,A$$,90.52,15,Daniel Jones,fack,108.46,AWAY,NONE,False,17.94,15,Daniel Jones,108.46,5,Team Hodder,90.52
2020,13,75,1,Clowntown Jabronis,JOOS,138.68,7,Team Curtis,CURT,89.9,HOME,NONE,False,48.78,1,Clowntown Jabronis,138.68,7,Team Curtis,89.9
2020,13,76,14,Max Top Vic Bottom,GOLA,77.76,11,The Twins,MRVP,94.88,AWAY,NONE,False,17.12,11,The Twins,94.88,14,Max Top Vic Bottom,77.76
2020,13,77,10,Fk it chuck it Game time shit,LYDE,95.98,17,Vic top Max bottom,KUNt,97.72,AWAY,NONE,False,1.74,17,Vic top Max bottom,97.72,10,Fk it chuck it Game time shit,95.98
2020,14,78,9,Wet Ass Patrick!,WAP,143.2,15,Daniel Jones,fack,79.82,HOME,WINNERS_BRACKET,True,63.38,9,Wet Ass Patrick!,143.2,15,Daniel Jones,79.82
2020,14,79,17,Vic top Max bottom,KUNt,100.52,13,Gotham City Ineffective Cop,GCC,135.16,AWAY,WINNERS_BRACKET,True,34.64,13,Gotham City Ineffective Cop,135.16,17,Vic top Max bottom,100.52
2020,14,80,7,Team Curtis,CURT,98.02,11,The Twins,MRVP,104.14,AWAY,WINNERS_BRACKET,True,6.12,11,The Twins,104.14,7,Team Curtis,98.02
2020,14,81,10,Fk it chuck it Game time shit,LYDE,124.08,1,Clowntown Jabronis,JOOS,133.62,AWAY,WINNERS_BRACKET,True,9.54,1,Clowntown Jabronis,133.62,10,Fk it chuck it Game time shit,124.08
2020,14,82,5,Team Hodder,A$$,117.84,12,Team Ron Jones Pwns,JIM,102.56,HOME,LOSERS_CONSOLATION_LADDER,True,15.28,5,Team Hodder,117.84,12,Team Ron Jones Pwns,102.56
2020,14,83,16,DeAndre WAPkins,8=D~,62.14,14,Max Top Vic Bottom,GOLA,89.76,AWAY,LOSERS_CONSOLATION_LADDER,True,27.62,14,Max Top Vic Bottom,89.76,16,DeAndre WAPkins,62.14
2020,15,84,9,Wet Ass Patrick!,WAP,112.62,13,Gotham City Ineffective Cop,GCC,131.52,AWAY,WINNERS_BRACKET,True,18.9,13,Gotham City Ineffective Cop,131.52,9,Wet Ass Patrick!,112.62
2020,15,85,11,The Twins,MRVP,78.3,1,Clowntown Jabronis,JOOS,131.72,AWAY,WINNERS_BRACKET,True,53.42,1,Clowntown Jabronis,131.72,11,The Twins,78.3
2020,15,86,10,Fk it chuck it Game time shit,LYDE,94.98,7,Team Curtis,CURT,117.06,AWAY,WINNERS_CONSOLATION_LADDER,True,22.08,7,Team Curtis,117.06,10,Fk it chuck it Game time shit,94.98
2020,15,87,17,Vic top Max bottom,KUNt,129.36,15,Daniel Jones,fack,132.06,AWAY,WINNERS_CONSOLATION_LADDER,True,2.7,15,Daniel Jones,132.06,17,Vic top Max bottom,129.36
2020,15,88,5,Team Hodder,A$$,120.34,14,Max Top Vic Bottom,GOLA,103.44,HOME,LOSERS_CONSOLATION_LADDER,True,16.9,5,Team Hodder,120.34,14,Max Top Vic Bottom,103.44
2020,15,89,12,Team Ron Jones Pwns,JIM,122.62,16,DeAndre WAPkins,8=D~,44.82,HOME,LOSERS_CONSOLATION_LADDER,True,77.8,12,Team Ron Jones Pwns,122.62,16,DeAndre WAPkins,44.82
2020,16,90,13,Gotham City Ineffective Cop,GCC,146.38,1,Clowntown Jabronis,JOOS,101.12,HOME,WINNERS_BRACKET,True,45.26,13,Gotham City Ineffective Cop,146.38,1,Clowntown Jabronis,101.12
2020,16,91,9,Wet Ass Patrick!,WAP,178.14,11,The Twins,MRVP,130.32,HOME,WINNERS_CONSOLATION_LADDER,True,47.82,9,Wet Ass Patrick!,178.14,11,The Twins,130.32
2020,16,92,7,Team Curtis,CURT,141.5,15,Daniel Jones,fack,78.22,HOME,WINNERS_CONSOLATION_LADDER,True,63.28,7,Team Curtis,141.5,15,Daniel Jones,78.22
2020,16,93,10,Fk it chuck it Game time shit,LYDE,61.1,17,Vic top Max bottom,KUNt,89.02,AWAY,WINNERS_CONSOLATION_LADDER,True,27.92,17,Vic top Max bottom,89.02,10,Fk it chuck it Game time shit,61.1
2020,16,94,5,Team Hodder,A$$,104.0,12,Team Ron Jones Pwns,JIM,136.26,AWAY,LOSERS_CONSOLATION_LADDER,True,32.26,12,Team Ron Jones Pwns,136.26,5,Team Hodder,104.0
2020,16,95,16,DeAndre WAPkins,8=D~,78.54,14,Max Top Vic Bottom,GOLA,108.44,AWAY,LOSERS_CONSOLATION_LADDER,True,29.9,14,Max Top Vic Bottom,108.44,16,DeAndre WAPkins,78.54
2021,1,1,16,Goff Teen Begs  4 Mooney Shot,8=D~,123.36,14,Max Top Vic Bottom,GOLA,96.9,HOME,NONE,False,26.46,16,Goff Teen Begs  4 Mooney Shot,123.36,14,Max Top Vic Bottom,96.9
2021,1,2,5,Team Hodder,A$$,85.2,1,Clowntown Jabronis,JOOS,100.16,AWAY,NONE,False,14.96,1,Clowntown Jabronis,100.16,5,Team Hodder,85.2
2021,1,3,12,Team Boink,JIM,120.58,10,Fk it chuck it Game time shit,LYDE,100.64,HOME,NONE,False,19.94,12,Team Boink,120.58,10,Fk it chuck it Game time shit,100.64
2021,1,4,15,Daniel Jones,fack,69.42,9,Avant Gardner,WAP,152.46,AWAY,NONE,False,83.04,9,Avant Gardner,152.46,15,Daniel Jones,69.42
2021,1,5,11,The Twins,MRVP,107.08,7,Team Curtis,CURT,139.44,AWAY,NONE,False,32.36,7,Team Curtis,139.44,11,The Twins,107.08
2021,1,6,17,im diggin that youngho,KUNt,124.02,13,Gotham City Ineffective Cop,GCC,85.92,HOME,NONE,False,38.1,17,im diggin that youngho,124.02,13,Gotham City Ineffective Cop,85.92
2021,2,7,14,Max Top Vic Bottom,GOLA,130.96,1,Clowntown Jabronis,JOOS,122.32,HOME,NONE,False,8.64,14,Max Top Vic Bottom,130.96,1,Clowntown Jabronis,122.32
2021,2,8,10,Fk it chuck it Game time shit,LYDE,125.54,16,Goff Teen Begs  4 Mooney Shot,8=D~,110.3,HOME,NONE,False,15.24,10,Fk it chuck it Game time shit,125.54,16,Goff Teen Begs  4 Mooney Shot,110.3
2021,2,9,12,Team Boink,JIM,106.92,5,Team Hodder,A$$,86.76,HOME,NONE,False,20.16,12,Team Boink,106.92,5,Team Hodder,86.76
2021,2,10,9,Avant Gardner,WAP,113.64,7,Team Curtis,CURT,110.42,HOME,NONE,False,3.22,9,Avant Gardner,113.64,7,Team Curtis,110.42
2021,2,11,13,Gotham City Ineffective Cop,GCC,101.9,15,Daniel Jones,fack,106.02,AWAY,NONE,False,4.12,15,Daniel Jones,106.02,13,Gotham City Ineffective Cop,101.9
2021,2,12,17,im diggin that youngho,KUNt,67.38,11,The Twins,MRVP,128.08,AWAY,NONE,False,60.7,11,The Twins,128.08,17,im diggin that youngho,67.38
2021,3,13,10,Fk it chuck it Game time shit,LYDE,104.08,14,Max Top Vic Bottom,GOLA,120.18,AWAY,NONE,False,16.1,14,Max Top Vic Bottom,120.18,10,Fk it chuck it Game time shit,104.08
2021,3,14,1,Clowntown Jabronis,JOOS,132.62,12,Team Boink,JIM,104.7,HOME,NONE,False,27.92,1,Clowntown Jabronis,132.62,12,Team Boink,104.7
2021,3,15,16,Goff Teen Begs  4 Mooney Shot,8=D~,82.04,5,Team Hodder,A$$,122.12,AWAY,NONE,False,40.08,5,Team Hodder,122.12,16,Goff Teen Begs  4 Mooney Shot,82.04
2021,3,16,13,Gotham City Ineffective Cop,GCC,116.54,9,Avant Gardner,WAP,97.48,HOME,NONE,False,19.06,13,Gotham City Ineffective Cop,116.54,9,Avant Gardner,97.48
2021,3,17,7,Team Curtis,CURT,109.22,17,im diggin that youngho,KUNt,52.72,HOME,NONE,False,56.5,7,Team Curtis,109.22,17,im diggin that youngho,52.72
2021,3,18,15,Daniel Jones,fack,150.44,11,The Twins,MRVP,111.48,HOME,NONE,False,38.96,15,Daniel Jones,150.44,11,The Twins,111.48
2021,4,19,14,Max Top Vic Bottom,GOLA,114.68,12,Team Boink,JIM,115.42,AWAY,NONE,False,0.74,12,Team Boink,115.42,14,Max Top Vic Bottom,114.68
2021,4,20,5,Team Hodder,A$$,84.92,10,Fk it chuck it Game time shit,LYDE,82.72,HOME,NONE,False,2.2,5,Team Hodder,84.92,10,Fk it chuck it Game time shit,82.72
2021,4,21,16,Goff Teen Begs  4 Mooney Shot,8=D~,122.52,1,Clowntown Jabronis,JOOS,140.66,AWAY,NONE,False,18.14,1,Clowntown Jabronis,140.66,16,Goff Teen Begs  4 Mooney Shot,122.52
2021,4,22,9,Avant Gardner,WAP,122.46,17,im diggin that youngho,KUNt,87.42,HOME,NONE,False,35.04,9,Avant Gardner,122.46,17,im diggin that youngho,87.42
2021,4,23,11,The Twins,MRVP,130.24,13,Gotham City Ineffective Cop,GCC,108.82,HOME,NONE,False,21.42,11,The Twins,130.24,13,Gotham City Ineffective Cop,108.82
2021,4,24,15,Daniel Jones,fack,115.08,7,Team Curtis,CURT,121.9,AWAY,NONE,False,6.82,7,Team Curtis,121.9,15,Daniel Jones,115.08
2021,5,25,5,Team Hodder,A$$,129.4,14,Max Top Vic Bottom,GOLA,178.18,AWAY,NONE,False,48.78,14,Max Top Vic Bottom,178.18,5,Team Hodder,129.4
2021,5,26,12,Team Boink,JIM,84.98,16,Goff Teen Begs  4 Mooney Shot,8=D~,160.96,AWAY,NONE,False,75.98,16,Goff Teen Begs  4 Mooney Shot,160.96,12,Team Boink,84.98
2021,5,27,10,Fk it chuck it Game time shit,LYDE,118.74,1,Clowntown Jabronis,JOOS,85.78,HOME,NONE,False,32.96,10,Fk it chuck it Game time shit,118.74,1,Clowntown Jabronis,85.78
2021,5,28,11,The Twins,MRVP,120.58,9,Avant Gardner,WAP,126.24,AWAY,NONE,False,5.66,9,Avant Gardner,126.24,11,The Twins,120.58
2021,5,29,17,im diggin that youngho,KUNt,141.68,15,Daniel Jones,fack,162.32,AWAY,NONE,False,20.64,15,Daniel Jones,162.32,17,im diggin that youngho,141.68
2021,5,30,13,Gotham City Ineffective Cop,GCC,67.76,7,Team Curtis,CURT,88.8,AWAY,NONE,False,21.04,7,Team Curtis,88.8,13,Gotham City Ineffective Cop,67.76
2021,6,31,14,Max Top Vic Bottom,GOLA,80.98,9,Avant Gardner,WAP,85.38,AWAY,NONE,False,4.4,9,Avant Gardner,85.38,14,Max Top Vic Bottom,80.98
2021,6,32,16,Goff Teen Begs  4 Mooney Shot,8=D~,101.96,15,Daniel Jones,fack,110.2,AWAY,NONE,False,8.24,15,Daniel Jones,110.2,16,Goff Teen Begs  4 Mooney Shot,101.96
2021,6,33,1,Clowntown Jabronis,JOOS,113.38,7,Team Curtis,CURT,141.84,AWAY,NONE,False,28.46,7,Team Curtis,141.84,1,Clowntown Jabronis,113.38
2021,6,34,10,Fk it chuck it Game time shit,LYDE,105.24,13,Gotham City Ineffective Cop,GCC,106.0,AWAY,NONE,False,0.76,13,Gotham City Ineffective Cop,106.0,10,Fk it chuck it Game time shit,105.24
2021,6,35,12,Team Boink,JIM,81.28,17,im diggin that youngho,KUNt,129.9,AWAY,NONE,False,48.62,17,im diggin that youngho,129.9,12,Team Boink,81.28
2021,6,36,5,Team Hodder,A$$,125.12,11,The Twins,MRVP,136.78,AWAY,NONE,False,11.66,11,The Twins,136.78,5,Team Hodder,125.12
2021,7,37,9,Avant Gardner,WAP,114.74,16,Goff Teen Begs  4 Mooney Shot,8=D~,96.94,HOME,NONE,False,17.8,9,Avant Gardner,114.74,16,Goff Teen Begs  4 Mooney Shot,96.94
2021,7,38,15,Daniel Jones,fack,127.52,1,Clowntown Jabronis,JOOS,109.24,HOME,NONE,False,18.28,15,Daniel Jones,127.52,1,Clowntown Jabronis,109.24
2021,7,39,7,Team Curtis,CURT,114.46,10,Fk it chuck it Game time shit,LYDE,81.44,HOME,NONE,False,33.02,7,Team Curtis,114.46,10,Fk it chuck it Game time shit,81.44
2021,7,40,13,Gotham City Ineffective Cop,GCC,83.66,12,Team Boink,JIM,79.44,HOME,NONE,False,4.22,13,Gotham City Ineffective Cop,83.66,12,Team Boink,79.44
2021,7,41,17,im diggin that youngho,KUNt,117.78,5,Team Hodder,A$$,99.72,HOME,NONE,False,18.06,17,im diggin that youngho,117.78,5,Team Hodder,99.72
2021,7,42,11,The Twins,MRVP,117.4,14,Max Top Vic Bottom,GOLA,95.78,HOME,NONE,False,21.62,11,The Twins,117.4,14,Max Top Vic Bottom,95.78
2021,8,43,1,Clowntown Jabronis,JOOS,90.8,9,Avant Gardner,WAP,109.3,AWAY,NONE,False,18.5,9,Avant Gardner,109.3,1,Clowntown Jabronis,90.8
2021,8,44,10,Fk it chuck it Game time shit,LYDE,108.56,15,Daniel Jones,fack,87.32,HOME,NONE,False,21.24,10,Fk it chuck it Game time shit,108.56,15,Daniel Jones,87.32
2021,8,45,12,Team Boink,JIM,129.94,7,Team Curtis,CURT,144.8,AWAY,NONE,False,14.86,7,Team Curtis,144.8,12,Team Boink,129.94
2021,8,46,5,Team Hodder,A$$,82.36,13,Gotham City Ineffective Cop,GCC,83.16,AWAY,NONE,False,0.8,13,Gotham City Ineffective Cop,83.16,5,Team Hodder,82.36
2021,8,47,14,Max Top Vic Bottom,GOLA,114.52,17,im diggin that youngho,KUNt,88.18,HOME,NONE,False,26.34,14,Max Top Vic Bottom,114.52,17,im diggin that youngho,88.18
2021,8,48,16,Goff Teen Begs  4 Mooney Shot,8=D~,74.56,11,The Twins,MRVP,111.9,AWAY,NONE,False,37.34,11,The Twins,111.9,16,Goff Teen Begs  4 Mooney Shot,74.56
2021,9,49,9,Avant Gardner,WAP,118.08,10,Fk it chuck it Game time shit,LYDE,58.68,HOME,NONE,False,59.4,9,Avant Gardner,118.08,10,Fk it chuck it Game time shit,58.68
2021,9,50,15,Daniel Jones,fack,102.54,12,Team Boink,JIM,85.34,HOME,NONE,False,17.2,15,Daniel Jones,102.54,12,Team Boink,85.34
2021,9,51,7,Team Curtis,CURT,64.36,5,Team Hodder,A$$,75.26,AWAY,NONE,False,10.9,5,Team Hodder,75.26,7,Team Curtis,64.36
2021,9,52,13,Gotham City Ineffective Cop,GCC,105.68,14,Max Top Vic Bottom,GOLA,97.24,HOME,NONE,False,8.44,13,Gotham City Ineffective Cop,105.68,14,Max Top Vic Bottom,97.24
2021,9,53,17,im diggin that youngho,KUNt,94.8,16,Goff Teen Begs  4 Mooney Shot,8=D~,115.5,AWAY,NONE,False,20.7,16,Goff Teen Begs  4 Mooney Shot,115.5,17,im diggin that youngho,94.8
2021,9,54,11,The Twins,MRVP,108.02,1,Clowntown Jabronis,JOOS,73.3,HOME,NONE,False,34.72,11,The Twins,108.02,1,Clowntown Jabronis,73.3
2021,10,55,12,Team Boink,JIM,90.34,9,Avant Gardner,WAP,95.7,AWAY,NONE,False,5.36,9,Avant Gardner,95.7,12,Team Boink,90.34
2021,10,56,5,Team Hodder,A$$,110.8,15,Daniel Jones,fack,90.3,HOME,NONE,False,20.5,5,Team Hodder,110.8,15,Daniel Jones,90.3
2021,10,57,14,Max Top Vic Bottom,GOLA,96.02,7,Team Curtis,CURT,98.62,AWAY,NONE,False,2.6,7,Team Curtis,98.62,14,Max Top Vic Bottom,96.02
2021,10,58,16,Goff Teen Begs  4 Mooney Shot,8=D~,97.58,13,Gotham City Ineffective Cop,GCC,95.28,HOME,NONE,False,2.3,16,Goff Teen Begs  4 Mooney Shot,97.58,13,Gotham City Ineffective Cop,95.28
2021,10,59,1,Clowntown Jabronis,JOOS,44.44,17,im diggin that youngho,KUNt,100.04,AWAY,NONE,False,55.6,17,im diggin that youngho,100.04,1,Clowntown Jabronis,44.44
2021,10,60,10,Fk it chuck it Game time shit,LYDE,82.04,11,The Twins,MRVP,133.42,AWAY,NONE,False,51.38,11,The Twins,133.42,10,Fk it chuck it Game time shit,82.04
2021,11,61,9,Avant Gardner,WAP,72.68,5,Team Hodder,A$$,74.96,AWAY,NONE,False,2.28,5,Team Hodder,74.96,9,Avant Gardner,72.68
2021,11,62,15,Daniel Jones,fack,131.98,14,Max Top Vic Bottom,GOLA,135.18,AWAY,NONE,False,3.2,14,Max Top Vic Bottom,135.18,15,Daniel Jones,131.98
2021,11,63,7,Team Curtis,CURT,96.16,16,Goff Teen Begs  4 Mooney Shot,8=D~,105.16,AWAY,NONE,False,9.0,16,Goff Teen Begs  4 Mooney Shot,105.16,7,Team Curtis,96.16
2021,11,64,13,Gotham City Ineffective Cop,GCC,138.5,1,Clowntown Jabronis,JOOS,88.38,HOME,NONE,False,50.12,13,Gotham City Ineffective Cop,138.5,1,Clowntown Jabronis,88.38
2021,11,65,17,im diggin that youngho,KUNt,38.54,10,Fk it chuck it Game time shit,LYDE,116.32,AWAY,NONE,False,77.78,10,Fk it chuck it Game time shit,116.32,17,im diggin that youngho,38.54
2021,11,66,11,The Twins,MRVP,150.52,12,Team Boink,JIM,80.6,HOME,NONE,False,69.92,11,The Twins,150.52,12,Team Boink,80.6
2021,12,67,9,Avant Gardner,WAP,93.84,14,Max Top Vic Bottom,GOLA,86.8,HOME,NONE,False,7.04,9,Avant Gardner,93.84,14,Max Top Vic Bottom,86.8
2021,12,68,15,Daniel Jones,fack,106.08,16,Goff Teen Begs  4 Mooney Shot,8=D~,98.2,HOME,NONE,False,7.88,15,Daniel Jones,106.08,16,Goff Teen Begs  4 Mooney Shot,98.2
2021,12,69,7,Team Curtis,CURT,69.58,1,Clowntown Jabronis,JOOS,90.38,AWAY,NONE,False,20.8,1,Clowntown Jabronis,90.38,7,Team Curtis,69.58
2021,12,70,13,Gotham City Ineffective Cop,GCC,119.68,10,Fk it chuck it Game time shit,LYDE,105.2,HOME,NONE,False,14.48,13,Gotham City Ineffective Cop,119.68,10,Fk it chuck it Game time shit,105.2
2021,12,71,17,im diggin that youngho,KUNt,105.4,12,Team Boink,JIM,112.62,AWAY,NONE,False,7.22,12,Team Boink,112.62,17,im diggin that youngho,105.4
2021,12,72,11,The Twins,MRVP,89.4,5,Team Hodder,A$$,138.2,AWAY,NONE,False,48.8,5,Team Hodder,138.2,11,The Twins,89.4
2021,13,73,16,Goff Teen Begs  4 Mooney Shot,8=D~,112.62,9,Avant Gardner,WAP,130.12,AWAY,NONE,False,17.5,9,Avant Gardner,130.12,16,Goff Teen Begs  4 Mooney Shot,112.62
2021,13,74,1,Clowntown Jabronis,JOOS,70.94,15,Daniel Jones,fack,98.68,AWAY,NONE,False,27.74,15,Daniel Jones,98.68,1,Clowntown Jabronis,70.94
2021,13,75,10,Fk it chuck it Game time shit,LYDE,116.7,7,Team Curtis,CURT,91.6,HOME,NONE,False,25.1,10,Fk it chuck it Game time shit,116.7,7,Team Curtis,91.6
2021,13,76,12,Team Boink,JIM,68.26,13,Gotham City Ineffective Cop,GCC,109.92,AWAY,NONE,False,41.66,13,Gotham City Ineffective Cop,109.92,12,Team Boink,68.26
2021,13,77,5,Team Hodder,A$$,103.9,17,im diggin that youngho,KUNt,92.42,HOME,NONE,False,11.48,5,Team Hodder,103.9,17,im diggin that youngho,92.42
2021,13,78,14,Max Top Vic Bottom,GOLA,137.32,11,The Twins,MRVP,127.46,HOME,NONE,False,9.86,14,Max Top Vic Bottom,137.32,11,The Twins,127.46
2021,14,79,9,Avant Gardner,WAP,113.62,1,Clowntown Jabronis,JOOS,128.6,AWAY,NONE,False,14.98,1,Clowntown Jabronis,128.6,9,Avant Gardner,113.62
2021,14,80,15,Daniel Jones,fack,112.4,10,Fk it chuck it Game time shit,LYDE,91.72,HOME,NONE,False,20.68,15,Daniel Jones,112.4,10,Fk it chuck it Game time shit,91.72
2021,14,81,7,Team Curtis,CURT,133.08,12,Team Boink,JIM,83.82,HOME,NONE,False,49.26,7,Team Curtis,133.08,12,Team Boink,83.82
2021,14,82,13,Gotham City Ineffective Cop,GCC,113.24,5,Team Hodder,A$$,123.52,AWAY,NONE,False,10.28,5,Team Hodder,123.52,13,Gotham City Ineffective Cop,113.24
2021,14,83,17,im diggin that youngho,KUNt,86.44,14,Max Top Vic Bottom,GOLA,118.08,AWAY,NONE,False,31.64,14,Max Top Vic Bottom,118.08,17,im diggin that youngho,86.44
2021,14,84,11,The Twins,MRVP,119.5,16,Goff Teen Begs  4 Mooney Shot,8=D~,126.82,AWAY,NONE,False,7.32,16,Goff Teen Begs  4 Mooney Shot,126.82,11,The Twins,119.5
2021,15,85,9,Avant Gardner,WAP,98.76,16,Goff Teen Begs  4 Mooney Shot,8=D~,104.38,AWAY,WINNERS_BRACKET,True,5.62,16,Goff Teen Begs  4 Mooney Shot,104.38,9,Avant Gardner,98.76
2021,15,86,7,Team Curtis,CURT,115.66,11,The Twins,MRVP,113.76,HOME,WINNERS_BRACKET,True,1.9,7,Team Curtis,115.66,11,The Twins,113.76
2021,15,87,15,Daniel Jones,fack,88.74,13,Gotham City Ineffective Cop,GCC,84.42,HOME,WINNERS_BRACKET,True,4.32,15,Daniel Jones,88.74,13,Gotham City Ineffective Cop,84.42
2021,15,88,5,Team Hodder,A$$,83.3,14,Max Top Vic Bottom,GOLA,81.14,HOME,WINNERS_BRACKET,True,2.16,5,Team Hodder,83.3,14,Max Top Vic Bottom,81.14
2021,15,89,10,Fk it chuck it Game time shit,LYDE,88.48,1,Clowntown Jabronis,JOOS,80.94,HOME,LOSERS_CONSOLATION_LADDER,True,7.54,10,Fk it chuck it Game time shit,88.48,1,Clowntown Jabronis,80.94
2021,15,90,12,Team Boink,JIM,104.2,17,im diggin that youngho,KUNt,96.08,HOME,LOSERS_CONSOLATION_LADDER,True,8.12,12,Team Boink,104.2,17,im diggin that youngho,96.08
2021,16,91,7,Team Curtis,CURT,133.08,16,Goff Teen Begs  4 Mooney Shot,8=D~,119.0,HOME,WINNERS_BRACKET,True,14.08,7,Team Curtis,133.08,16,Goff Teen Begs  4 Mooney Shot,119.0
2021,16,92,5,Team Hodder,A$$,151.66,15,Daniel Jones,fack,96.74,HOME,WINNERS_BRACKET,True,54.92,5,Team Hodder,151.66,15,Daniel Jones,96.74
2021,16,93,9,Avant Gardner,WAP,115.88,11,The Twins,MRVP,43.5,HOME,WINNERS_CONSOLATION_LADDER,True,72.38,9,Avant Gardner,115.88,11,The Twins,43.5
2021,16,94,13,Gotham City Ineffective Cop,GCC,76.98,14,Max Top Vic Bottom,GOLA,96.76,AWAY,WINNERS_CONSOLATION_LADDER,True,19.78,14,Max Top Vic Bottom,96.76,13,Gotham City Ineffective Cop,76.98
2021,16,95,10,Fk it chuck it Game time shit,LYDE,86.4,12,Team Boink,JIM,153.32,AWAY,LOSERS_CONSOLATION_LADDER,True,66.92,12,Team Boink,153.32,10,Fk it chuck it Game time shit,86.4
2021,16,96,1,Clowntown Jabronis,JOOS,58.24,17,im diggin that youngho,KUNt,143.0,AWAY,LOSERS_CONSOLATION_LADDER,True,84.76,17,im diggin that youngho,143.0,1,Clowntown Jabronis,58.24
2021,17,97,5,Team Hodder,A$$,76.6,7,Team Curtis,CURT,84.96,AWAY,WINNERS_BRACKET,True,8.36,7,Team Curtis,84.96,5,Team Hodder,76.6
2021,17,98,15,Daniel Jones,fack,145.88,16,Goff Teen Begs  4 Mooney Shot,8=D~,101.52,HOME,WINNERS_CONSOLATION_LADDER,True,44.36,15,Daniel Jones,145.88,16,Goff Teen Begs  4 Mooney Shot,101.52
2021,17,99,9,Avant Gardner,WAP,94.3,14,Max Top Vic Bottom,GOLA,109.26,AWAY,WINNERS_CONSOLATION_LADDER,True,14.96,14,Max Top Vic Bottom,109.26,9,Avant Gardner,94.3
2021,17,100,11,The Twins,MRVP,83.78,13,Gotham City Ineffective Cop,GCC,105.92,AWAY,WINNERS_CONSOLATION_LADDER,True,22.14,13,Gotham City Ineffective Cop,105.92,11,The Twins,83.78
2021,17,101,12,Team Boink,JIM,127.06,17,im diggin that youngho,KUNt,85.44,HOME,LOSERS_CONSOLATION_LADDER,True,41.62,12,Team Boink,127.06,17,im diggin that youngho,85.44
2021,17,102,10,Fk it chuck it Game time shit,LYDE,120.54,1,Clowntown Jabronis,JOOS,81.74,HOME,LOSERS_CONSOLATION_LADDER,True,38.8,10,Fk it chuck it Game time shit,120.54,1,Clowntown Jabronis,81.74
2022,1,1,16,Hock and Ball Torture,8=D~,114.02,14,Max Top Vic Bottom,GOLA,116.32,AWAY,NONE,False,2.3,14,Max Top Vic Bottom,116.32,16,Hock and Ball Torture,114.02
2022,1,2,5,Is my team bad?,UGLY,158.7,1,Clowntown Jabronis,JOOS,86.08,HOME,NONE,False,72.62,5,Is my team bad?,158.7,1,Clowntown Jabronis,86.08
2022,1,3,12,Team Chogi Nanda,JIM,93.02,10,Fk it chuck it Game time shit,LYDE,113.06,AWAY,NONE,False,20.04,10,Fk it chuck it Game time shit,113.06,12,Team Chogi Nanda,93.02
2022,1,4,15,Daniel Jones,fack,52.96,9,Avant Gardner,WAP,136.82,AWAY,NONE,False,83.86,9,Avant Gardner,136.82,15,Daniel Jones,52.96
2022,1,5,11,The Twins,MRVP,110.7,7,Team Curtis,CURT,84.86,HOME,NONE,False,25.84,11,The Twins,110.7,7,Team Curtis,84.86
2022,1,6,17,cook'n lamb 4 my cousins,vkng,78.78,13,Very Formative Pixar Dumptrcks,DUMP,109.38,AWAY,NONE,False,30.6,13,Very Formative Pixar Dumptrcks,109.38,17,cook'n lamb 4 my cousins,78.78
2022,2,7,14,Max Top Vic Bottom,GOLA,128.96,1,Clowntown Jabronis,JOOS,81.4,HOME,NONE,False,47.56,14,Max Top Vic Bottom,128.96,1,Clowntown Jabronis,81.4
2022,2,8,10,Fk it chuck it Game time shit,LYDE,159.56,16,Hock and Ball Torture,8=D~,86.92,HOME,NONE,False,72.64,10,Fk it chuck it Game time shit,159.56,16,Hock and Ball Torture,86.92
2022,2,9,12,Team Chogi Nanda,JIM,122.72,5,Is my team bad?,UGLY,94.7,HOME,NONE,False,28.02,12,Team Chogi Nanda,122.72,5,Is my team bad?,94.7
2022,2,10,9,Avant Gardner,WAP,106.68,7,Team Curtis,CURT,107.88,AWAY,NONE,False,1.2,7,Team Curtis,107.88,9,Avant Gardner,106.68
2022,2,11,13,Very Formative Pixar Dumptrcks,DUMP,122.28,15,Daniel Jones,fack,88.54,HOME,NONE,False,33.74,13,Very Formative Pixar Dumptrcks,122.28,15,Daniel Jones,88.54
2022,2,12,17,cook'n lamb 4 my cousins,vkng,69.14,11,The Twins,MRVP,86.16,AWAY,NONE,False,17.02,11,The Twins,86.16,17,cook'n lamb 4 my cousins,69.14
2022,3,13,10,Fk it chuck it Game time shit,LYDE,114.78,14,Max Top Vic Bottom,GOLA,123.6,AWAY,NONE,False,8.82,14,Max Top Vic Bottom,123.6,10,Fk it chuck it Game time shit,114.78
2022,3,14,1,Clowntown Jabronis,JOOS,69.26,12,Team Chogi Nanda,JIM,105.92,AWAY,NONE,False,36.66,12,Team Chogi Nanda,105.92,1,Clowntown Jabronis,69.26
2022,3,15,16,Hock and Ball Torture,8=D~,62.6,5,Is my team bad?,UGLY,82.28,AWAY,NONE,False,19.68,5,Is my team bad?,82.28,16,Hock and Ball Torture,62.6
2022,3,16,13,Very Formative Pixar Dumptrcks,DUMP,91.7,9,Avant Gardner,WAP,102.96,AWAY,NONE,False,11.26,9,Avant Gardner,102.96,13,Very Formative Pixar Dumptrcks,91.7
2022,3,17,7,Team Curtis,CURT,111.52,17,cook'n lamb 4 my cousins,vkng,104.1,HOME,NONE,False,7.42,7,Team Curtis,111.52,17,cook'n lamb 4 my cousins,104.1
2022,3,18,15,Daniel Jones,fack,72.86,11,The Twins,MRVP,78.66,AWAY,NONE,False,5.8,11,The Twins,78.66,15,Daniel Jones,72.86
2022,4,19,14,Max Top Vic Bottom,GOLA,88.08,12,Team Chogi Nanda,JIM,157.76,AWAY,NONE,False,69.68,12,Team Chogi Nanda,157.76,14,Max Top Vic Bottom,88.08
2022,4,20,5,Is my team bad?,UGLY,96.46,10,Fk it chuck it Game time shit,LYDE,85.0,HOME,NONE,False,11.46,5,Is my team bad?,96.46,10,Fk it chuck it Game time shit,85.0
2022,4,21,16,Hock and Ball Torture,8=D~,85.86,1,Clowntown Jabronis,JOOS,106.2,AWAY,NONE,False,20.34,1,Clowntown Jabronis,106.2,16,Hock and Ball Torture,85.86
2022,4,22,9,Avant Gardner,WAP,110.98,17,cook'n lamb 4 my cousins,vkng,116.52,AWAY,NONE,False,5.54,17,cook'n lamb 4 my cousins,116.52,9,Avant Gardner,110.98
2022,4,23,11,The Twins,MRVP,122.38,13,Very Formative Pixar Dumptrcks,DUMP,107.02,HOME,NONE,False,15.36,11,The Twins,122.38,13,Very Formative Pixar Dumptrcks,107.02
2022,4,24,15,Daniel Jones,fack,91.16,7,Team Curtis,CURT,127.02,AWAY,NONE,False,35.86,7,Team Curtis,127.02,15,Daniel Jones,91.16
2022,5,25,5,Is my team bad?,UGLY,79.88,14,Max Top Vic Bottom,GOLA,80.78,AWAY,NONE,False,0.9,14,Max Top Vic Bottom,80.78,5,Is my team bad?,79.88
2022,5,26,12,Team Chogi Nanda,JIM,132.86,16,Hock and Ball Torture,8=D~,97.28,HOME,NONE,False,35.58,12,Team Chogi Nanda,132.86,16,Hock and Ball Torture,97.28
2022,5,27,10,Fk it chuck it Game time shit,LYDE,99.62,1,Clowntown Jabronis,JOOS,115.94,AWAY,NONE,False,16.32,1,Clowntown Jabronis,115.94,10,Fk it chuck it Game time shit,99.62
2022,5,28,11,The Twins,MRVP,96.26,9,Avant Gardner,WAP,123.5,AWAY,NONE,False,27.24,9,Avant Gardner,123.5,11,The Twins,96.26
2022,5,29,17,cook'n lamb 4 my cousins,vkng,93.94,15,Daniel Jones,fack,75.76,HOME,NONE,False,18.18,17,cook'n lamb 4 my cousins,93.94,15,Daniel Jones,75.76
2022,5,30,13,Very Formative Pixar Dumptrcks,DUMP,127.16,7,Team Curtis,CURT,132.84,AWAY,NONE,False,5.68,7,Team Curtis,132.84,13,Very Formative Pixar Dumptrcks,127.16
2022,6,31,14,Max Top Vic Bottom,GOLA,124.3,9,Avant Gardner,WAP,116.38,HOME,NONE,False,7.92,14,Max Top Vic Bottom,124.3,9,Avant Gardner,116.38
2022,6,32,16,Hock and Ball Torture,8=D~,109.1,15,Daniel Jones,fack,76.32,HOME,NONE,False,32.78,16,Hock and Ball Torture,109.1,15,Daniel Jones,76.32
2022,6,33,1,Clowntown Jabronis,JOOS,71.42,7,Team Curtis,CURT,80.48,AWAY,NONE,False,9.06,7,Team Curtis,80.48,1,Clowntown Jabronis,71.42
2022,6,34,10,Fk it chuck it Game time shit,LYDE,70.82,13,Very Formative Pixar Dumptrcks,DUMP,90.26,AWAY,NONE,False,19.44,13,Very Formative Pixar Dumptrcks,90.26,10,Fk it chuck it Game time shit,70.82
2022,6,35,12,Team Chogi Nanda,JIM,91.9,17,cook'n lamb 4 my cousins,vkng,96.5,AWAY,NONE,False,4.6,17,cook'n lamb 4 my cousins,96.5,12,Team Chogi Nanda,91.9
2022,6,36,5,Is my team bad?,UGLY,104.02,11,The Twins,MRVP,106.06,AWAY,NONE,False,2.04,11,The Twins,106.06,5,Is my team bad?,104.02
2022,7,37,9,Avant Gardner,WAP,80.76,16,Hock and Ball Torture,8=D~,111.92,AWAY,NONE,False,31.16,16,Hock and Ball Torture,111.92,9,Avant Gardner,80.76
2022,7,38,15,Daniel Jones,fack,92.88,1,Clowntown Jabronis,JOOS,83.2,HOME,NONE,False,9.68,15,Daniel Jones,92.88,1,Clowntown Jabronis,83.2
2022,7,39,7,Team Curtis,CURT,95.5,10,Fk it chuck it Game time shit,LYDE,105.82,AWAY,NONE,False,10.32,10,Fk it chuck it Game time shit,105.82,7,Team Curtis,95.5
2022,7,40,13,Very Formative Pixar Dumptrcks,DUMP,78.92,12,Team Chogi Nanda,JIM,143.3,AWAY,NONE,False,64.38,12,Team Chogi Nanda,143.3,13,Very Formative Pixar Dumptrcks,78.92
2022,7,41,17,cook'n lamb 4 my cousins,vkng,102.82,5,Is my team bad?,UGLY,91.02,HOME,NONE,False,11.8,17,cook'n lamb 4 my cousins,102.82,5,Is my team bad?,91.02
2022,7,42,11,The Twins,MRVP,78.76,14,Max Top Vic Bottom,GOLA,128.24,AWAY,NONE,False,49.48,14,Max Top Vic Bottom,128.24,11,The Twins,78.76
2022,8,43,1,Clowntown Jabronis,JOOS,103.0,9,Avant Gardner,WAP,118.34,AWAY,NONE,False,15.34,9,Avant Gardner,118.34,1,Clowntown Jabronis,103.0
2022,8,44,10,Fk it chuck it Game time shit,LYDE,128.84,15,Daniel Jones,fack,102.86,HOME,NONE,False,25.98,10,Fk it chuck it Game time shit,128.84,15,Daniel Jones,102.86
2022,8,45,12,Team Chogi Nanda,JIM,73.52,7,Team Curtis,CURT,114.84,AWAY,NONE,False,41.32,7,Team Curtis,114.84,12,Team Chogi Nanda,73.52
2022,8,46,5,Is my team bad?,UGLY,161.56,13,Very Formative Pixar Dumptrcks,DUMP,116.02,HOME,NONE,False,45.54,5,Is my team bad?,161.56,13,Very Formative Pixar Dumptrcks,116.02
2022,8,47,14,Max Top Vic Bottom,GOLA,81.68,17,cook'n lamb 4 my cousins,vkng,141.58,AWAY,NONE,False,59.9,17,cook'n lamb 4 my cousins,141.58,14,Max Top Vic Bottom,81.68
2022,8,48,16,Hock and Ball Torture,8=D~,127.0,11,The Twins,MRVP,88.72,HOME,NONE,False,38.28,16,Hock and Ball Torture,127.0,11,The Twins,88.72
2022,9,49,9,Avant Gardner,WAP,109.0,10,Fk it chuck it Game time shit,LYDE,102.92,HOME,NONE,False,6.08,9,Avant Gardner,109.0,10,Fk it chuck it Game time shit,102.92
2022,9,50,15,Daniel Jones,fack,77.08,12,Team Chogi Nanda,JIM,81.72,AWAY,NONE,False,4.64,12,Team Chogi Nanda,81.72,15,Daniel Jones,77.08
2022,9,51,7,Team Curtis,CURT,77.9,5,Is my team bad?,UGLY,143.44,AWAY,NONE,False,65.54,5,Is my team bad?,143.44,7,Team Curtis,77.9
2022,9,52,13,Very Formative Pixar Dumptrcks,DUMP,132.6,14,Max Top Vic Bottom,GOLA,97.94,HOME,NONE,False,34.66,13,Very Formative Pixar Dumptrcks,132.6,14,Max Top Vic Bottom,97.94
2022,9,53,17,cook'n lamb 4 my cousins,vkng,88.7,16,Hock and Ball Torture,8=D~,114.12,AWAY,NONE,False,25.42,16,Hock and Ball Torture,114.12,17,cook'n lamb 4 my cousins,88.7
2022,9,54,11,The Twins,MRVP,84.16,1,Clowntown Jabronis,JOOS,118.9,AWAY,NONE,False,34.74,1,Clowntown Jabronis,118.9,11,The Twins,84.16
2022,10,55,12,Team Chogi Nanda,JIM,111.8,9,Avant Gardner,WAP,69.74,HOME,NONE,False,42.06,12,Team Chogi Nanda,111.8,9,Avant Gardner,69.74
2022,10,56,5,Is my team bad?,UGLY,105.74,15,Daniel Jones,fack,95.4,HOME,NONE,False,10.34,5,Is my team bad?,105.74,15,Daniel Jones,95.4
2022,10,57,14,Max Top Vic Bottom,GOLA,93.58,7,Team Curtis,CURT,108.48,AWAY,NONE,False,14.9,7,Team Curtis,108.48,14,Max Top Vic Bottom,93.58
2022,10,58,16,Hock and Ball Torture,8=D~,99.6,13,Very Formative Pixar Dumptrcks,DUMP,100.2,AWAY,NONE,False,0.6,13,Very Formative Pixar Dumptrcks,100.2,16,Hock and Ball Torture,99.6
2022,10,59,1,Clowntown Jabronis,JOOS,114.52,17,cook'n lamb 4 my cousins,vkng,133.48,AWAY,NONE,False,18.96,17,cook'n lamb 4 my cousins,133.48,1,Clowntown Jabronis,114.52
2022,10,60,10,Fk it chuck it Game time shit,LYDE,109.54,11,The Twins,MRVP,69.04,HOME,NONE,False,40.5,10,Fk it chuck it Game time shit,109.54,11,The Twins,69.04
2022,11,61,9,Avant Gardner,WAP,76.04,5,Is my team bad?,UGLY,142.56,AWAY,NONE,False,66.52,5,Is my team bad?,142.56,9,Avant Gardner,76.04
2022,11,62,15,Daniel Jones,fack,172.34,14,Max Top Vic Bottom,GOLA,98.4,HOME,NONE,False,73.94,15,Daniel Jones,172.34,14,Max Top Vic Bottom,98.4
2022,11,63,7,Team Curtis,CURT,85.92,16,Hock and Ball Torture,8=D~,90.3,AWAY,NONE,False,4.38,16,Hock and Ball Torture,90.3,7,Team Curtis,85.92
2022,11,64,13,Very Formative Pixar Dumptrcks,DUMP,106.98,1,Clowntown Jabronis,JOOS,77.18,HOME,NONE,False,29.8,13,Very Formative Pixar Dumptrcks,106.98,1,Clowntown Jabronis,77.18
2022,11,65,17,cook'n lamb 4 my cousins,vkng,73.7,10,Fk it chuck it Game time shit,LYDE,87.76,AWAY,NONE,False,14.06,10,Fk it chuck it Game time shit,87.76,17,cook'n lamb 4 my cousins,73.7
2022,11,66,11,The Twins,MRVP,97.34,12,Team Chogi Nanda,JIM,102.46,AWAY,NONE,False,5.12,12,Team Chogi Nanda,102.46,11,The Twins,97.34
2022,12,67,9,Avant Gardner,WAP,84.54,14,Max Top Vic Bottom,GOLA,93.1,AWAY,NONE,False,8.56,14,Max Top Vic Bottom,93.1,9,Avant Gardner,84.54
2022,12,68,15,Daniel Jones,fack,104.84,16,Hock and Ball Torture,8=D~,108.16,AWAY,NONE,False,3.32,16,Hock and Ball Torture,108.16,15,Daniel Jones,104.84
2022,12,69,7,Team Curtis,CURT,113.62,1,Clowntown Jabronis,JOOS,83.9,HOME,NONE,False,29.72,7,Team Curtis,113.62,1,Clowntown Jabronis,83.9
2022,12,70,13,Very Formative Pixar Dumptrcks,DUMP,138.92,10,Fk it chuck it Game time shit,LYDE,108.56,HOME,NONE,False,30.36,13,Very Formative Pixar Dumptrcks,138.92,10,Fk it chuck it Game time shit,108.56
2022,12,71,17,cook'n lamb 4 my cousins,vkng,107.86,12,Team Chogi Nanda,JIM,127.96,AWAY,NONE,False,20.1,12,Team Chogi Nanda,127.96,17,cook'n lamb 4 my cousins,107.86
2022,12,72,11,The Twins,MRVP,101.66,5,Is my team bad?,UGLY,108.9,AWAY,NONE,False,7.24,5,Is my team bad?,108.9,11,The Twins,101.66
2022,13,73,16,Hock and Ball Torture,8=D~,72.3,9,Avant Gardner,WAP,91.1,AWAY,NONE,False,18.8,9,Avant Gardner,91.1,16,Hock and Ball Torture,72.3
2022,13,74,1,Clowntown Jabronis,JOOS,77.18,15,Daniel Jones,fack,102.0,AWAY,NONE,False,24.82,15,Daniel Jones,102.0,1,Clowntown Jabronis,77.18
2022,13,75,10,Fk it chuck it Game time shit,LYDE,55.8,7,Team Curtis,CURT,122.98,AWAY,NONE,False,67.18,7,Team Curtis,122.98,10,Fk it chuck it Game time shit,55.8
2022,13,76,12,Team Chogi Nanda,JIM,88.74,13,Very Formative Pixar Dumptrcks,DUMP,159.82,AWAY,NONE,False,71.08,13,Very Formative Pixar Dumptrcks,159.82,12,Team Chogi Nanda,88.74
2022,13,77,5,Is my team bad?,UGLY,133.52,17,cook'n lamb 4 my cousins,vkng,86.52,HOME,NONE,False,47.0,5,Is my team bad?,133.52,17,cook'n lamb 4 my cousins,86.52
2022,13,78,14,Max Top Vic Bottom,GOLA,113.64,11,The Twins,MRVP,81.48,HOME,NONE,False,32.16,14,Max Top Vic Bottom,113.64,11,The Twins,81.48
2022,14,79,9,Avant Gardner,WAP,65.86,1,Clowntown Jabronis,JOOS,33.82,HOME,NONE,False,32.04,9,Avant Gardner,65.86,1,Clowntown Jabronis,33.82
2022,14,80,15,Daniel Jones,fack,78.86,10,Fk it chuck it Game time shit,LYDE,99.08,AWAY,NONE,False,20.22,10,Fk it chuck it Game time shit,99.08,15,Daniel Jones,78.86
2022,14,81,7,Team Curtis,CURT,117.16,12,Team Chogi Nanda,JIM,85.7,HOME,NONE,False,31.46,7,Team Curtis,117.16,12,Team Chogi Nanda,85.7
2022,14,82,13,Very Formative Pixar Dumptrcks,DUMP,105.58,5,Is my team bad?,UGLY,128.78,AWAY,NONE,False,23.2,5,Is my team bad?,128.78,13,Very Formative Pixar Dumptrcks,105.58
2022,14,83,17,cook'n lamb 4 my cousins,vkng,95.7,14,Max Top Vic Bottom,GOLA,67.16,HOME,NONE,False,28.54,17,cook'n lamb 4 my cousins,95.7,14,Max Top Vic Bottom,67.16
2022,14,84,11,The Twins,MRVP,147.5,16,Hock and Ball Torture,8=D~,123.48,HOME,NONE,False,24.02,11,The Twins,147.5,16,Hock and Ball Torture,123.48
2022,15,85,5,Is my team bad?,UGLY,128.84,17,cook'n lamb 4 my cousins,vkng,130.8,AWAY,WINNERS_BRACKET,True,1.96,17,cook'n lamb 4 my cousins,130.8,5,Is my team bad?,128.84
2022,15,86,13,Very Formative Pixar Dumptrcks,DUMP,112.46,14,Max Top Vic Bottom,GOLA,100.6,HOME,WINNERS_BRACKET,True,11.86,13,Very Formative Pixar Dumptrcks,112.46,14,Max Top Vic Bottom,100.6
2022,15,87,12,Team Chogi Nanda,JIM,106.52,10,Fk it chuck it Game time shit,LYDE,92.22,HOME,WINNERS_BRACKET,True,14.3,12,Team Chogi Nanda,106.52,10,Fk it chuck it Game time shit,92.22
2022,15,88,7,Team Curtis,CURT,107.88,9,Avant Gardner,WAP,75.86,HOME,WINNERS_BRACKET,True,32.02,7,Team Curtis,107.88,9,Avant Gardner,75.86
2022,15,89,16,Hock and Ball Torture,8=D~,177.8,11,The Twins,MRVP,94.38,HOME,LOSERS_CONSOLATION_LADDER,True,83.42,16,Hock and Ball Torture,177.8,11,The Twins,94.38
2022,15,90,15,Daniel Jones,fack,108.14,1,Clowntown Jabronis,JOOS,81.48,HOME,LOSERS_CONSOLATION_LADDER,True,26.66,15,Daniel Jones,108.14,1,Clowntown Jabronis,81.48
2022,16,91,13,Very Formative Pixar Dumptrcks,DUMP,85.48,17,cook'n lamb 4 my cousins,vkng,118.96,AWAY,WINNERS_BRACKET,True,33.48,17,cook'n lamb 4 my cousins,118.96,13,Very Formative Pixar Dumptrcks,85.48
2022,16,92,7,Team Curtis,CURT,87.16,12,Team Chogi Nanda,JIM,131.0,AWAY,WINNERS_BRACKET,True,43.84,12,Team Chogi Nanda,131.0,7,Team Curtis,87.16
2022,16,93,5,Is my team bad?,UGLY,99.16,14,Max Top Vic Bottom,GOLA,97.8,HOME,WINNERS_CONSOLATION_LADDER,True,1.36,5,Is my team bad?,99.16,14,Max Top Vic Bottom,97.8
2022,16,94,10,Fk it chuck it Game time shit,LYDE,117.9,9,Avant Gardner,WAP,94.34,HOME,WINNERS_CONSOLATION_LADDER,True,23.56,10,Fk it chuck it Game time shit,117.9,9,Avant Gardner,94.34
2022,16,95,16,Hock and Ball Torture,8=D~,77.8,15,Daniel Jones,fack,85.08,AWAY,LOSERS_CONSOLATION_LADDER,True,7.28,15,Daniel Jones,85.08,16,Hock and Ball Torture,77.8
2022,16,96,11,The Twins,MRVP,110.8,1,Clowntown Jabronis,JOOS,100.74,HOME,LOSERS_CONSOLATION_LADDER,True,10.06,11,The Twins,110.8,1,Clowntown Jabronis,100.74
2022,17,97,12,Team Chogi Nanda,JIM,112.68,17,cook'n lamb 4 my cousins,vkng,72.1,HOME,WINNERS_BRACKET,True,40.58,12,Team Chogi Nanda,112.68,17,cook'n lamb 4 my cousins,72.1
2022,17,98,7,Team Curtis,CURT,144.9,13,Very Formative Pixar Dumptrcks,DUMP,75.6,HOME,WINNERS_CONSOLATION_LADDER,True,69.3,7,Team Curtis,144.9,13,Very Formative Pixar Dumptrcks,75.6
2022,17,99,5,Is my team bad?,UGLY,124.72,10,Fk it chuck it Game time shit,LYDE,67.08,HOME,WINNERS_CONSOLATION_LADDER,True,57.64,5,Is my team bad?,124.72,10,Fk it chuck it Game time shit,67.08
2022,17,100,14,Max Top Vic Bottom,GOLA,70.2,9,Avant Gardner,WAP,59.8,HOME,WINNERS_CONSOLATION_LADDER,True,10.4,14,Max Top Vic Bottom,70.2,9,Avant Gardner,59.8
2022,17,101,11,The Twins,MRVP,65.1,15,Daniel Jones,fack,103.58,AWAY,LOSERS_CONSOLATION_LADDER,True,38.48,15,Daniel Jones,103.58,11,The Twins,65.1
2022,17,102,16,Hock and Ball Torture,8=D~,65.1,1,Clowntown Jabronis,JOOS,103.18,AWAY,LOSERS_CONSOLATION_LADDER,True,38.08,1,Clowntown Jabronis,103.18,16,Hock and Ball Torture,65.1
2023,1,1,16,Amon Ra Dog and the st D's,Oops,83.84,14,Max Top Vic Bottom,GOLA,127.86,AWAY,NONE,False,44.02,14,Max Top Vic Bottom,127.86,16,Amon Ra Dog and the st D's,83.84
2023,1,2,5,Is my team bad? Yes,UGLY,98.6,1,Clowntown Jabronis,JOOS,86.08,HOME,NONE,False,12.52,5,Is my team bad? Yes,98.6,1,Clowntown Jabronis,86.08
2023,1,3,12,Team Chogi Nanda,JIM,75.48,10,Fk it chuck it Game time shit,LYDE,97.26,AWAY,NONE,False,21.78,10,Fk it chuck it Game time shit,97.26,12,Team Chogi Nanda,75.48
2023,1,4,15,Daniel Jones,fack,104.46,9,Who Killed Charbonnet Ramsey,WAP,98.24,HOME,NONE,False,6.22,15,Daniel Jones,104.46,9,Who Killed Charbonnet Ramsey,98.24
2023,1,5,11,The Twins,MRVP,121.24,7,Team Curtis,CURT,84.24,HOME,NONE,False,37.0,11,The Twins,121.24,7,Team Curtis,84.24
2023,1,6,17,Magic Skol Bus,vkng,80.46,13,Very Formative Pixar Dumptrcks,DUMP,60.94,HOME,NONE,False,19.52,17,Magic Skol Bus,80.46,13,Very Formative Pixar Dumptrcks,60.94
2023,2,7,14,Max Top Vic Bottom,GOLA,119.68,1,Clowntown Jabronis,JOOS,147.22,AWAY,NONE,False,27.54,1,Clowntown Jabronis,147.22,14,Max Top Vic Bottom,119.68
2023,2,8,10,Fk it chuck it Game time shit,LYDE,113.0,16,Amon Ra Dog and the st D's,Oops,115.6,AWAY,NONE,False,2.6,16,Amon Ra Dog and the st D's,115.6,10,Fk it chuck it Game time shit,113.0
2023,2,9,12,Team Chogi Nanda,JIM,75.58,5,Is my team bad? Yes,UGLY,147.82,AWAY,NONE,False,72.24,5,Is my team bad? Yes,147.82,12,Team Chogi Nanda,75.58
2023,2,10,9,Who Killed Charbonnet Ramsey,WAP,117.34,7,Team Curtis,CURT,105.66,HOME,NONE,False,11.68,9,Who Killed Charbonnet Ramsey,117.34,7,Team Curtis,105.66
2023,2,11,13,Very Formative Pixar Dumptrcks,DUMP,127.36,15,Daniel Jones,fack,83.2,HOME,NONE,False,44.16,13,Very Formative Pixar Dumptrcks,127.36,15,Daniel Jones,83.2
2023,2,12,17,Magic Skol Bus,vkng,128.46,11,The Twins,MRVP,90.14,HOME,NONE,False,38.32,17,Magic Skol Bus,128.46,11,The Twins,90.14
2023,3,13,10,Fk it chuck it Game time shit,LYDE,127.68,14,Max Top Vic Bottom,GOLA,90.78,HOME,NONE,False,36.9,10,Fk it chuck it Game time shit,127.68,14,Max Top Vic Bottom,90.78
2023,3,14,1,Clowntown Jabronis,JOOS,99.1,12,Team Chogi Nanda,JIM,98.46,HOME,NONE,False,0.64,1,Clowntown Jabronis,99.1,12,Team Chogi Nanda,98.46
2023,3,15,16,Amon Ra Dog and the st D's,Oops,91.28,5,Is my team bad? Yes,UGLY,94.98,AWAY,NONE,False,3.7,5,Is my team bad? Yes,94.98,16,Amon Ra Dog and the st D's,91.28
2023,3,16,13,Very Formative Pixar Dumptrcks,DUMP,146.58,9,Who Killed Charbonnet Ramsey,WAP,126.96,HOME,NONE,False,19.62,13,Very Formative Pixar Dumptrcks,146.58,9,Who Killed Charbonnet Ramsey,126.96
2023,3,17,7,Team Curtis,CURT,100.56,17,Magic Skol Bus,vkng,129.88,AWAY,NONE,False,29.32,17,Magic Skol Bus,129.88,7,Team Curtis,100.56
2023,3,18,15,Daniel Jones,fack,103.7,11,The Twins,MRVP,113.26,AWAY,NONE,False,9.56,11,The Twins,113.26,15,Daniel Jones,103.7
2023,4,19,14,Max Top Vic Bottom,GOLA,171.54,12,Team Chogi Nanda,JIM,82.48,HOME,NONE,False,89.06,14,Max Top Vic Bottom,171.54,12,Team Chogi Nanda,82.48
2023,4,20,5,Is my team bad? Yes,UGLY,114.36,10,Fk it chuck it Game time shit,LYDE,67.22,HOME,NONE,False,47.14,5,Is my team bad? Yes,114.36,10,Fk it chuck it Game time shit,67.22
2023,4,21,16,Amon Ra Dog and the st D's,Oops,129.92,1,Clowntown Jabronis,JOOS,119.92,HOME,NONE,False,10.0,16,Amon Ra Dog and the st D's,129.92,1,Clowntown Jabronis,119.92
2023,4,22,9,Who Killed Charbonnet Ramsey,WAP,131.68,17,Magic Skol Bus,vkng,70.06,HOME,NONE,False,61.62,9,Who Killed Charbonnet Ramsey,131.68,17,Magic Skol Bus,70.06
2023,4,23,11,The Twins,MRVP,92.0,13,Very Formative Pixar Dumptrcks,DUMP,141.1,AWAY,NONE,False,49.1,13,Very Formative Pixar Dumptrcks,141.1,11,The Twins,92.0
2023,4,24,15,Daniel Jones,fack,91.38,7,Team Curtis,CURT,70.98,HOME,NONE,False,20.4,15,Daniel Jones,91.38,7,Team Curtis,70.98
2023,5,25,5,Is my team bad? Yes,UGLY,86.72,14,Max Top Vic Bottom,GOLA,80.04,HOME,NONE,False,6.68,5,Is my team bad? Yes,86.72,14,Max Top Vic Bottom,80.04
2023,5,26,12,Team Chogi Nanda,JIM,108.68,16,Amon Ra Dog and the st D's,Oops,118.04,AWAY,NONE,False,9.36,16,Amon Ra Dog and the st D's,118.04,12,Team Chogi Nanda,108.68
2023,5,27,10,Fk it chuck it Game time shit,LYDE,182.48,1,Clowntown Jabronis,JOOS,123.08,HOME,NONE,False,59.4,10,Fk it chuck it Game time shit,182.48,1,Clowntown Jabronis,123.08
2023,5,28,11,The Twins,MRVP,135.08,9,Who Killed Charbonnet Ramsey,WAP,101.2,HOME,NONE,False,33.88,11,The Twins,135.08,9,Who Killed Charbonnet Ramsey,101.2
2023,5,29,17,Magic Skol Bus,vkng,91.06,15,Daniel Jones,fack,103.24,AWAY,NONE,False,12.18,15,Daniel Jones,103.24,17,Magic Skol Bus,91.06
2023,5,30,13,Very Formative Pixar Dumptrcks,DUMP,93.46,7,Team Curtis,CURT,107.22,AWAY,NONE,False,13.76,7,Team Curtis,107.22,13,Very Formative Pixar Dumptrcks,93.46
2023,6,31,14,Max Top Vic Bottom,GOLA,97.62,9,Who Killed Charbonnet Ramsey,WAP,86.34,HOME,NONE,False,11.28,14,Max Top Vic Bottom,97.62,9,Who Killed Charbonnet Ramsey,86.34
2023,6,32,16,Amon Ra Dog and the st D's,Oops,104.54,15,Daniel Jones,fack,107.48,AWAY,NONE,False,2.94,15,Daniel Jones,107.48,16,Amon Ra Dog and the st D's,104.54
2023,6,33,1,Clowntown Jabronis,JOOS,81.9,7,Team Curtis,CURT,108.98,AWAY,NONE,False,27.08,7,Team Curtis,108.98,1,Clowntown Jabronis,81.9
2023,6,34,10,Fk it chuck it Game time shit,LYDE,115.64,13,Very Formative Pixar Dumptrcks,DUMP,98.06,HOME,NONE,False,17.58,10,Fk it chuck it Game time shit,115.64,13,Very Formative Pixar Dumptrcks,98.06
2023,6,35,12,Team Chogi Nanda,JIM,114.5,17,Magic Skol Bus,vkng,76.94,HOME,NONE,False,37.56,12,Team Chogi Nanda,114.5,17,Magic Skol Bus,76.94
2023,6,36,5,Is my team bad? Yes,UGLY,99.8,11,The Twins,MRVP,95.72,HOME,NONE,False,4.08,5,Is my team bad? Yes,99.8,11,The Twins,95.72
2023,7,37,9,Who Killed Charbonnet Ramsey,WAP,88.76,16,Amon Ra Dog and the st D's,Oops,97.96,AWAY,NONE,False,9.2,16,Amon Ra Dog and the st D's,97.96,9,Who Killed Charbonnet Ramsey,88.76
2023,7,38,15,Daniel Jones,fack,96.76,1,Clowntown Jabronis,JOOS,117.88,AWAY,NONE,False,21.12,1,Clowntown Jabronis,117.88,15,Daniel Jones,96.76
2023,7,39,7,Team Curtis,CURT,107.74,10,Fk it chuck it Game time shit,LYDE,104.5,HOME,NONE,False,3.24,7,Team Curtis,107.74,10,Fk it chuck it Game time shit,104.5
2023,7,40,13,Very Formative Pixar Dumptrcks,DUMP,107.2,12,Team Chogi Nanda,JIM,55.2,HOME,NONE,False,52.0,13,Very Formative Pixar Dumptrcks,107.2,12,Team Chogi Nanda,55.2
2023,7,41,17,Magic Skol Bus,vkng,108.92,5,Is my team bad? Yes,UGLY,102.86,HOME,NONE,False,6.06,17,Magic Skol Bus,108.92,5,Is my team bad? Yes,102.86
2023,7,42,11,The Twins,MRVP,92.76,14,Max Top Vic Bottom,GOLA,106.08,AWAY,NONE,False,13.32,14,Max Top Vic Bottom,106.08,11,The Twins,92.76
2023,8,43,1,Clowntown Jabronis,JOOS,127.1,9,Who Killed Charbonnet Ramsey,WAP,135.08,AWAY,NONE,False,7.98,9,Who Killed Charbonnet Ramsey,135.08,1,Clowntown Jabronis,127.1
2023,8,44,10,Fk it chuck it Game time shit,LYDE,121.86,15,Daniel Jones,fack,121.52,HOME,NONE,False,0.34,10,Fk it chuck it Game time shit,121.86,15,Daniel Jones,121.52
2023,8,45,12,Team Chogi Nanda,JIM,91.82,7,Team Curtis,CURT,121.56,AWAY,NONE,False,29.74,7,Team Curtis,121.56,12,Team Chogi Nanda,91.82
2023,8,46,5,Is my team bad? Yes,UGLY,108.56,13,Very Formative Pixar Dumptrcks,DUMP,118.96,AWAY,NONE,False,10.4,13,Very Formative Pixar Dumptrcks,118.96,5,Is my team bad? Yes,108.56
2023,8,47,14,Max Top Vic Bottom,GOLA,129.18,17,Magic Skol Bus,vkng,101.76,HOME,NONE,False,27.42,14,Max Top Vic Bottom,129.18,17,Magic Skol Bus,101.76
2023,8,48,16,Amon Ra Dog and the st D's,Oops,63.2,11,The Twins,MRVP,95.1,AWAY,NONE,False,31.9,11,The Twins,95.1,16,Amon Ra Dog and the st D's,63.2
2023,9,49,9,Who Killed Charbonnet Ramsey,WAP,78.26,10,Fk it chuck it Game time shit,LYDE,96.4,AWAY,NONE,False,18.14,10,Fk it chuck it Game time shit,96.4,9,Who Killed Charbonnet Ramsey,78.26
2023,9,50,15,Daniel Jones,fack,98.64,12,Team Chogi Nanda,JIM,81.12,HOME,NONE,False,17.52,15,Daniel Jones,98.64,12,Team Chogi Nanda,81.12
2023,9,51,7,Team Curtis,CURT,109.42,5,Is my team bad? Yes,UGLY,98.18,HOME,NONE,False,11.24,7,Team Curtis,109.42,5,Is my team bad? Yes,98.18
2023,9,52,13,Very Formative Pixar Dumptrcks,DUMP,97.02,14,Max Top Vic Bottom,GOLA,83.68,HOME,NONE,False,13.34,13,Very Formative Pixar Dumptrcks,97.02,14,Max Top Vic Bottom,83.68
2023,9,53,17,Magic Skol Bus,vkng,87.3,16,Amon Ra Dog and the st D's,Oops,73.2,HOME,NONE,False,14.1,17,Magic Skol Bus,87.3,16,Amon Ra Dog and the st D's,73.2
2023,9,54,11,The Twins,MRVP,120.6,1,Clowntown Jabronis,JOOS,117.72,HOME,NONE,False,2.88,11,The Twins,120.6,1,Clowntown Jabronis,117.72
2023,10,55,12,Team Chogi Nanda,JIM,66.68,9,Who Killed Charbonnet Ramsey,WAP,101.14,AWAY,NONE,False,34.46,9,Who Killed Charbonnet Ramsey,101.14,12,Team Chogi Nanda,66.68
2023,10,56,5,Is my team bad? Yes,UGLY,118.26,15,Daniel Jones,fack,113.72,HOME,NONE,False,4.54,5,Is my team bad? Yes,118.26,15,Daniel Jones,113.72
2023,10,57,14,Max Top Vic Bottom,GOLA,86.02,7,Team Curtis,CURT,119.66,AWAY,NONE,False,33.64,7,Team Curtis,119.66,14,Max Top Vic Bottom,86.02
2023,10,58,16,Amon Ra Dog and the st D's,Oops,99.52,13,Very Formative Pixar Dumptrcks,DUMP,136.78,AWAY,NONE,False,37.26,13,Very Formative Pixar Dumptrcks,136.78,16,Amon Ra Dog and the st D's,99.52
2023,10,59,1,Clowntown Jabronis,JOOS,97.94,17,Magic Skol Bus,vkng,97.72,HOME,NONE,False,0.22,1,Clowntown Jabronis,97.94,17,Magic Skol Bus,97.72
2023,10,60,10,Fk it chuck it Game time shit,LYDE,114.18,11,The Twins,MRVP,120.16,AWAY,NONE,False,5.98,11,The Twins,120.16,10,Fk it chuck it Game time shit,114.18
2023,11,61,9,Who Killed Charbonnet Ramsey,WAP,91.54,5,Is my team bad? Yes,UGLY,111.5,AWAY,NONE,False,19.96,5,Is my team bad? Yes,111.5,9,Who Killed Charbonnet Ramsey,91.54
2023,11,62,15,Daniel Jones,fack,63.0,14,Max Top Vic Bottom,GOLA,100.46,AWAY,NONE,False,37.46,14,Max Top Vic Bottom,100.46,15,Daniel Jones,63.0
2023,11,63,7,Team Curtis,CURT,121.0,16,Amon Ra Dog and the st D's,Oops,107.08,HOME,NONE,False,13.92,7,Team Curtis,121.0,16,Amon Ra Dog and the st D's,107.08
2023,11,64,13,Very Formative Pixar Dumptrcks,DUMP,98.56,1,Clowntown Jabronis,JOOS,113.02,AWAY,NONE,False,14.46,1,Clowntown Jabronis,113.02,13,Very Formative Pixar Dumptrcks,98.56
2023,11,65,17,Magic Skol Bus,vkng,112.84,10,Fk it chuck it Game time shit,LYDE,97.64,HOME,NONE,False,15.2,17,Magic Skol Bus,112.84,10,Fk it chuck it Game time shit,97.64
2023,11,66,11,The Twins,MRVP,152.06,12,Team Chogi Nanda,JIM,73.54,HOME,NONE,False,78.52,11,The Twins,152.06,12,Team Chogi Nanda,73.54
2023,12,67,9,Who Killed Charbonnet Ramsey,WAP,139.46,14,Max Top Vic Bottom,GOLA,121.58,HOME,NONE,False,17.88,9,Who Killed Charbonnet Ramsey,139.46,14,Max Top Vic Bottom,121.58
2023,12,68,15,Daniel Jones,fack,109.78,16,Amon Ra Dog and the st D's,Oops,103.52,HOME,NONE,False,6.26,15,Daniel Jones,109.78,16,Amon Ra Dog and the st D's,103.52
2023,12,69,7,Team Curtis,CURT,114.72,1,Clowntown Jabronis,JOOS,110.16,HOME,NONE,False,4.56,7,Team Curtis,114.72,1,Clowntown Jabronis,110.16
2023,12,70,13,Very Formative Pixar Dumptrcks,DUMP,139.26,10,Fk it chuck it Game time shit,LYDE,109.5,HOME,NONE,False,29.76,13,Very Formative Pixar Dumptrcks,139.26,10,Fk it chuck it Game time shit,109.5
2023,12,71,17,Magic Skol Bus,vkng,91.8,12,Team Chogi Nanda,JIM,89.66,HOME,NONE,False,2.14,17,Magic Skol Bus,91.8,12,Team Chogi Nanda,89.66
2023,12,72,11,The Twins,MRVP,112.14,5,Is my team bad? Yes,UGLY,160.6,AWAY,NONE,False,48.46,5,Is my team bad? Yes,160.6,11,The Twins,112.14
2023,13,73,16,Amon Ra Dog and the st D's,Oops,130.8,9,Who Killed Charbonnet Ramsey,WAP,132.86,AWAY,NONE,False,2.06,9,Who Killed Charbonnet Ramsey,132.86,16,Amon Ra Dog and the st D's,130.8
2023,13,74,1,Clowntown Jabronis,JOOS,98.56,15,Daniel Jones,fack,56.78,HOME,NONE,False,41.78,1,Clowntown Jabronis,98.56,15,Daniel Jones,56.78
2023,13,75,10,Fk it chuck it Game time shit,LYDE,93.6,7,Team Curtis,CURT,94.2,AWAY,NONE,False,0.6,7,Team Curtis,94.2,10,Fk it chuck it Game time shit,93.6
2023,13,76,12,Team Chogi Nanda,JIM,118.24,13,Very Formative Pixar Dumptrcks,DUMP,129.36,AWAY,NONE,False,11.12,13,Very Formative Pixar Dumptrcks,129.36,12,Team Chogi Nanda,118.24
2023,13,77,5,Is my team bad? Yes,UGLY,159.62,17,Magic Skol Bus,vkng,76.28,HOME,NONE,False,83.34,5,Is my team bad? Yes,159.62,17,Magic Skol Bus,76.28
2023,13,78,14,Max Top Vic Bottom,GOLA,81.24,11,The Twins,MRVP,132.3,AWAY,NONE,False,51.06,11,The Twins,132.3,14,Max Top Vic Bottom,81.24
2023,14,79,9,Who Killed Charbonnet Ramsey,WAP,75.84,1,Clowntown Jabronis,JOOS,134.52,AWAY,NONE,False,58.68,1,Clowntown Jabronis,134.52,9,Who Killed Charbonnet Ramsey,75.84
2023,14,80,15,Daniel Jones,fack,98.74,10,Fk it chuck it Game time shit,LYDE,108.82,AWAY,NONE,False,10.08,10,Fk it chuck it Game time shit,108.82,15,Daniel Jones,98.74
2023,14,81,7,Team Curtis,CURT,106.8,12,Team Chogi Nanda,JIM,104.26,HOME,NONE,False,2.54,7,Team Curtis,106.8,12,Team Chogi Nanda,104.26
2023,14,82,13,Very Formative Pixar Dumptrcks,DUMP,124.74,5,Is my team bad? Yes,UGLY,95.38,HOME,NONE,False,29.36,13,Very Formative Pixar Dumptrcks,124.74,5,Is my team bad? Yes,95.38
2023,14,83,17,Magic Skol Bus,vkng,73.82,14,Max Top Vic Bottom,GOLA,113.44,AWAY,NONE,False,39.62,14,Max Top Vic Bottom,113.44,17,Magic Skol Bus,73.82
2023,14,84,11,The Twins,MRVP,79.72,16,Amon Ra Dog and the st D's,Oops,113.94,AWAY,NONE,False,34.22,16,Amon Ra Dog and the st D's,113.94,11,The Twins,79.72
2023,15,85,13,Very Formative Pixar Dumptrcks,DUMP,132.76,17,Magic Skol Bus,vkng,104.66,HOME,WINNERS_BRACKET,True,28.1,13,Very Formative Pixar Dumptrcks,132.76,17,Magic Skol Bus,104.66
2023,15,86,11,The Twins,MRVP,76.14,1,Clowntown Jabronis,JOOS,136.18,AWAY,WINNERS_BRACKET,True,60.04,1,Clowntown Jabronis,136.18,11,The Twins,76.14
2023,15,87,7,Team Curtis,CURT,87.08,10,Fk it chuck it Game time shit,LYDE,104.76,AWAY,WINNERS_BRACKET,True,17.68,10,Fk it chuck it Game time shit,104.76,7,Team Curtis,87.08
2023,15,88,5,Is my team bad? Yes,UGLY,118.12,14,Max Top Vic Bottom,GOLA,122.34,AWAY,WINNERS_BRACKET,True,4.22,14,Max Top Vic Bottom,122.34,5,Is my team bad? Yes,118.12
2023,15,89,9,Who Killed Charbonnet Ramsey,WAP,104.26,15,Daniel Jones,fack,93.42,HOME,LOSERS_CONSOLATION_LADDER,True,10.84,9,Who Killed Charbonnet Ramsey,104.26,15,Daniel Jones,93.42
2023,15,90,16,Amon Ra Dog and the st D's,Oops,100.7,12,Team Chogi Nanda,JIM,95.6,HOME,LOSERS_CONSOLATION_LADDER,True,5.1,16,Amon Ra Dog and the st D's,100.7,12,Team Chogi Nanda,95.6
2023,16,91,13,Very Formative Pixar Dumptrcks,DUMP,107.72,1,Clowntown Jabronis,JOOS,82.3,HOME,WINNERS_BRACKET,True,25.42,13,Very Formative Pixar Dumptrcks,107.72,1,Clowntown Jabronis,82.3
2023,16,92,10,Fk it chuck it Game time shit,LYDE,94.56,14,Max Top Vic Bottom,GOLA,111.08,AWAY,WINNERS_BRACKET,True,16.52,14,Max Top Vic Bottom,111.08,10,Fk it chuck it Game time shit,94.56
2023,16,93,5,Is my team bad? Yes,UGLY,100.44,7,Team Curtis,CURT,129.02,AWAY,WINNERS_CONSOLATION_LADDER,True,28.58,7,Team Curtis,129.02,5,Is my team bad? Yes,100.44
2023,16,94,11,The Twins,MRVP,114.0,17,Magic Skol Bus,vkng,95.98,HOME,WINNERS_CONSOLATION_LADDER,True,18.02,11,The Twins,114.0,17,Magic Skol Bus,95.98
2023,16,95,9,Who Killed Charbonnet Ramsey,WAP,67.94,16,Amon Ra Dog and the st D's,Oops,102.9,AWAY,LOSERS_CONSOLATION_LADDER,True,34.96,16,Amon Ra Dog and the st D's,102.9,9,Who Killed Charbonnet Ramsey,67.94
2023,16,96,15,Daniel Jones,fack,130.72,12,Team Chogi Nanda,JIM,121.2,HOME,LOSERS_CONSOLATION_LADDER,True,9.52,15,Daniel Jones,130.72,12,Team Chogi Nanda,121.2
2023,17,97,13,Very Formative Pixar Dumptrcks,DUMP,169.2,14,Max Top Vic Bottom,GOLA,106.54,HOME,WINNERS_BRACKET,True,62.66,13,Very Formative Pixar Dumptrcks,169.2,14,Max Top Vic Bottom,106.54
2023,17,98,1,Clowntown Jabronis,JOOS,122.2,10,Fk it chuck it Game time shit,LYDE,132.04,AWAY,WINNERS_CONSOLATION_LADDER,True,9.84,10,Fk it chuck it Game time shit,132.04,1,Clowntown Jabronis,122.2
2023,17,99,7,Team Curtis,CURT,91.68,11,The Twins,MRVP,119.02,AWAY,WINNERS_CONSOLATION_LADDER,True,27.34,11,The Twins,119.02,7,Team Curtis,91.68
2023,17,100,5,Is my team bad? Yes,UGLY,99.38,17,Magic Skol Bus,vkng,72.46,HOME,WINNERS_CONSOLATION_LADDER,True,26.92,5,Is my team bad? Yes,99.38,17,Magic Skol Bus,72.46
2023,17,101,15,Daniel Jones,fack,103.68,16,Amon Ra Dog and the st D's,Oops,89.8,HOME,LOSERS_CONSOLATION_LADDER,True,13.88,15,Daniel Jones,103.68,16,Amon Ra Dog and the st D's,89.8
2023,17,102,9,Who Killed Charbonnet Ramsey,WAP,81.56,12,Team Chogi Nanda,JIM,75.8,HOME,LOSERS_CONSOLATION_LADDER,True,5.76,9,Who Killed Charbonnet Ramsey,81.56,12,Team Chogi Nanda,75.8
2024,1,1,16,Prolapsed Jameis,Oops,113.86,14,Max Top Vic Bottom,GOLA,124.08,AWAY,NONE,False,10.22,14,Max Top Vic Bottom,124.08,16,Prolapsed Jameis,113.86
2024,1,2,5,I'm Sorry Smith Jaxon,JSN,97.64,1,Clowntown Jabronis,JOOS,112.58,AWAY,NONE,False,14.94,1,Clowntown Jabronis,112.58,5,I'm Sorry Smith Jaxon,97.64
2024,1,3,12,Will trade for good player pun,JIM,94.76,10,Fk it chuck it Game time shit,LYDE,106.86,AWAY,NONE,False,12.1,10,Fk it chuck it Game time shit,106.86,12,Will trade for good player pun,94.76
2024,1,4,15,Tommy DeVito,kms,74.66,9,Who Killed Charbonnet Ramsey,WAP,75.52,AWAY,NONE,False,0.86,9,Who Killed Charbonnet Ramsey,75.52,15,Tommy DeVito,74.66
2024,1,5,11,The Twins,MRVP,109.9,7,2F2F (RIP Rashee),CURT,97.74,HOME,NONE,False,12.16,11,The Twins,109.9,7,2F2F (RIP Rashee),97.74
2024,1,6,17,Hock Tuah,vkng,132.42,13,We're Onto 2025,DUMP,97.08,HOME,NONE,False,35.34,17,Hock Tuah,132.42,13,We're Onto 2025,97.08
2024,2,7,14,Max Top Vic Bottom,GOLA,105.94,1,Clowntown Jabronis,JOOS,104.66,HOME,NONE,False,1.28,14,Max Top Vic Bottom,105.94,1,Clowntown Jabronis,104.66
2024,2,8,10,Fk it chuck it Game time shit,LYDE,95.02,16,Prolapsed Jameis,Oops,94.64,HOME,NONE,False,0.38,10,Fk it chuck it Game time shit,95.02,16,Prolapsed Jameis,94.64
2024,2,9,12,Will trade for good player pun,JIM,137.0,5,I'm Sorry Smith Jaxon,JSN,112.96,HOME,NONE,False,24.04,12,Will trade for good player pun,137.0,5,I'm Sorry Smith Jaxon,112.96
2024,2,10,9,Who Killed Charbonnet Ramsey,WAP,101.42,7,2F2F (RIP Rashee),CURT,111.04,AWAY,NONE,False,9.62,7,2F2F (RIP Rashee),111.04,9,Who Killed Charbonnet Ramsey,101.42
2024,2,11,13,We're Onto 2025,DUMP,60.36,15,Tommy DeVito,kms,78.92,AWAY,NONE,False,18.56,15,Tommy DeVito,78.92,13,We're Onto 2025,60.36
2024,2,12,17,Hock Tuah,vkng,78.48,11,The Twins,MRVP,115.98,AWAY,NONE,False,37.5,11,The Twins,115.98,17,Hock Tuah,78.48
2024,3,13,10,Fk it chuck it Game time shit,LYDE,83.56,14,Max Top Vic Bottom,GOLA,83.78,AWAY,NONE,False,0.22,14,Max Top Vic Bottom,83.78,10,Fk it chuck it Game time shit,83.56
2024,3,14,1,Clowntown Jabronis,JOOS,85.82,12,Will trade for good player pun,JIM,120.5,AWAY,NONE,False,34.68,12,Will trade for good player pun,120.5,1,Clowntown Jabronis,85.82
2024,3,15,16,Prolapsed Jameis,Oops,98.86,5,I'm Sorry Smith Jaxon,JSN,128.78,AWAY,NONE,False,29.92,5,I'm Sorry Smith Jaxon,128.78,16,Prolapsed Jameis,98.86
2024,3,16,13,We're Onto 2025,DUMP,121.4,9,Who Killed Charbonnet Ramsey,WAP,122.44,AWAY,NONE,False,1.04,9,Who Killed Charbonnet Ramsey,122.44,13,We're Onto 2025,121.4
2024,3,17,7,2F2F (RIP Rashee),CURT,109.28,17,Hock Tuah,vkng,101.58,HOME,NONE,False,7.7,7,2F2F (RIP Rashee),109.28,17,Hock Tuah,101.58
2024,3,18,15,Tommy DeVito,kms,76.62,11,The Twins,MRVP,136.68,AWAY,NONE,False,60.06,11,The Twins,136.68,15,Tommy DeVito,76.62
2024,4,19,14,Max Top Vic Bottom,GOLA,90.28,12,Will trade for good player pun,JIM,105.68,AWAY,NONE,False,15.4,12,Will trade for good player pun,105.68,14,Max Top Vic Bottom,90.28
2024,4,20,5,I'm Sorry Smith Jaxon,JSN,126.02,10,Fk it chuck it Game time shit,LYDE,98.78,HOME,NONE,False,27.24,5,I'm Sorry Smith Jaxon,126.02,10,Fk it chuck it Game time shit,98.78
2024,4,21,16,Prolapsed Jameis,Oops,96.12,1,Clowntown Jabronis,JOOS,123.0,AWAY,NONE,False,26.88,1,Clowntown Jabronis,123.0,16,Prolapsed Jameis,96.12
2024,4,22,9,Who Killed Charbonnet Ramsey,WAP,101.02,17,Hock Tuah,vkng,117.14,AWAY,NONE,False,16.12,17,Hock Tuah,117.14,9,Who Killed Charbonnet Ramsey,101.02
2024,4,23,11,The Twins,MRVP,130.48,13,We're Onto 2025,DUMP,108.7,HOME,NONE,False,21.78,11,The Twins,130.48,13,We're Onto 2025,108.7
2024,4,24,15,Tommy DeVito,kms,91.44,7,2F2F (RIP Rashee),CURT,78.7,HOME,NONE,False,12.74,15,Tommy DeVito,91.44,7,2F2F (RIP Rashee),78.7
2024,5,25,5,I'm Sorry Smith Jaxon,JSN,114.16,14,Max Top Vic Bottom,GOLA,85.1,HOME,NONE,False,29.06,5,I'm Sorry Smith Jaxon,114.16,14,Max Top Vic Bottom,85.1
2024,5,26,12,Will trade for good player pun,JIM,103.74,16,Prolapsed Jameis,Oops,72.62,HOME,NONE,False,31.12,12,Will trade for good player pun,103.74,16,Prolapsed Jameis,72.62
2024,5,27,10,Fk it chuck it Game time shit,LYDE,149.08,1,Clowntown Jabronis,JOOS,118.44,HOME,NONE,False,30.64,10,Fk it chuck it Game time shit,149.08,1,Clowntown Jabronis,118.44
2024,5,28,11,The Twins,MRVP,82.74,9,Who Killed Charbonnet Ramsey,WAP,97.84,AWAY,NONE,False,15.1,9,Who Killed Charbonnet Ramsey,97.84,11,The Twins,82.74
2024,5,29,17,Hock Tuah,vkng,106.72,15,Tommy DeVito,kms,115.08,AWAY,NONE,False,8.36,15,Tommy DeVito,115.08,17,Hock Tuah,106.72
2024,5,30,13,We're Onto 2025,DUMP,86.36,7,2F2F (RIP Rashee),CURT,119.86,AWAY,NONE,False,33.5,7,2F2F (RIP Rashee),119.86,13,We're Onto 2025,86.36
2024,6,31,14,Max Top Vic Bottom,GOLA,98.46,9,Who Killed Charbonnet Ramsey,WAP,108.56,AWAY,NONE,False,10.1,9,Who Killed Charbonnet Ramsey,108.56,14,Max Top Vic Bottom,98.46
2024,6,32,16,Prolapsed Jameis,Oops,105.36,15,Tommy DeVito,kms,91.32,HOME,NONE,False,14.04,16,Prolapsed Jameis,105.36,15,Tommy DeVito,91.32
2024,6,33,1,Clowntown Jabronis,JOOS,128.7,7,2F2F (RIP Rashee),CURT,90.34,HOME,NONE,False,38.36,1,Clowntown Jabronis,128.7,7,2F2F (RIP Rashee),90.34
2024,6,34,10,Fk it chuck it Game time shit,LYDE,94.22,13,We're Onto 2025,DUMP,87.2,HOME,NONE,False,7.02,10,Fk it chuck it Game time shit,94.22,13,We're Onto 2025,87.2
2024,6,35,12,Will trade for good player pun,JIM,89.98,17,Hock Tuah,vkng,120.12,AWAY,NONE,False,30.14,17,Hock Tuah,120.12,12,Will trade for good player pun,89.98
2024,6,36,5,I'm Sorry Smith Jaxon,JSN,114.0,11,The Twins,MRVP,86.3,HOME,NONE,False,27.7,5,I'm Sorry Smith Jaxon,114.0,11,The Twins,86.3
2024,7,37,9,Who Killed Charbonnet Ramsey,WAP,101.36,16,Prolapsed Jameis,Oops,64.24,HOME,NONE,False,37.12,9,Who Killed Charbonnet Ramsey,101.36,16,Prolapsed Jameis,64.24
2024,7,38,15,Tommy DeVito,kms,102.0,1,Clowntown Jabronis,JOOS,80.22,HOME,NONE,False,21.78,15,Tommy DeVito,102.0,1,Clowntown Jabronis,80.22
2024,7,39,7,2F2F (RIP Rashee),CURT,119.06,10,Fk it chuck it Game time shit,LYDE,84.14,HOME,NONE,False,34.92,7,2F2F (RIP Rashee),119.06,10,Fk it chuck it Game time shit,84.14
2024,7,40,13,We're Onto 2025,DUMP,54.76,12,Will trade for good player pun,JIM,75.88,AWAY,NONE,False,21.12,12,Will trade for good player pun,75.88,13,We're Onto 2025,54.76
2024,7,41,17,Hock Tuah,vkng,109.14,5,I'm Sorry Smith Jaxon,JSN,135.68,AWAY,NONE,False,26.54,5,I'm Sorry Smith Jaxon,135.68,17,Hock Tuah,109.14
2024,7,42,11,The Twins,MRVP,133.1,14,Max Top Vic Bottom,GOLA,85.58,HOME,NONE,False,47.52,11,The Twins,133.1,14,Max Top Vic Bottom,85.58
2024,8,43,1,Clowntown Jabronis,JOOS,87.92,9,Who Killed Charbonnet Ramsey,WAP,113.46,AWAY,NONE,False,25.54,9,Who Killed Charbonnet Ramsey,113.46,1,Clowntown Jabronis,87.92
2024,8,44,10,Fk it chuck it Game time shit,LYDE,107.46,15,Tommy DeVito,kms,84.9,HOME,NONE,False,22.56,10,Fk it chuck it Game time shit,107.46,15,Tommy DeVito,84.9
2024,8,45,12,Will trade for good player pun,JIM,132.14,7,2F2F (RIP Rashee),CURT,104.04,HOME,NONE,False,28.1,12,Will trade for good player pun,132.14,7,2F2F (RIP Rashee),104.04
2024,8,46,5,I'm Sorry Smith Jaxon,JSN,127.2,13,We're Onto 2025,DUMP,88.44,HOME,NONE,False,38.76,5,I'm Sorry Smith Jaxon,127.2,13,We're Onto 2025,88.44
2024,8,47,14,Max Top Vic Bottom,GOLA,93.28,17,Hock Tuah,vkng,144.86,AWAY,NONE,False,51.58,17,Hock Tuah,144.86,14,Max Top Vic Bottom,93.28
2024,8,48,16,Prolapsed Jameis,Oops,121.64,11,The Twins,MRVP,103.94,HOME,NONE,False,17.7,16,Prolapsed Jameis,121.64,11,The Twins,103.94
2024,9,49,9,Who Killed Charbonnet Ramsey,WAP,108.4,10,Fk it chuck it Game time shit,LYDE,95.74,HOME,NONE,False,12.66,9,Who Killed Charbonnet Ramsey,108.4,10,Fk it chuck it Game time shit,95.74
2024,9,50,15,Tommy DeVito,kms,73.42,12,Will trade for good player pun,JIM,129.98,AWAY,NONE,False,56.56,12,Will trade for good player pun,129.98,15,Tommy DeVito,73.42
2024,9,51,7,2F2F (RIP Rashee),CURT,113.02,5,I'm Sorry Smith Jaxon,JSN,108.8,HOME,NONE,False,4.22,7,2F2F (RIP Rashee),113.02,5,I'm Sorry Smith Jaxon,108.8
2024,9,52,13,We're Onto 2025,DUMP,141.8,14,Max Top Vic Bottom,GOLA,86.26,HOME,NONE,False,55.54,13,We're Onto 2025,141.8,14,Max Top Vic Bottom,86.26
2024,9,53,17,Hock Tuah,vkng,126.1,16,Prolapsed Jameis,Oops,128.36,AWAY,NONE,False,2.26,16,Prolapsed Jameis,128.36,17,Hock Tuah,126.1
2024,9,54,11,The Twins,MRVP,124.52,1,Clowntown Jabronis,JOOS,112.7,HOME,NONE,False,11.82,11,The Twins,124.52,1,Clowntown Jabronis,112.7
2024,10,55,12,Will trade for good player pun,JIM,92.94,9,Who Killed Charbonnet Ramsey,WAP,123.28,AWAY,NONE,False,30.34,9,Who Killed Charbonnet Ramsey,123.28,12,Will trade for good player pun,92.94
2024,10,56,5,I'm Sorry Smith Jaxon,JSN,141.82,15,Tommy DeVito,kms,52.1,HOME,NONE,False,89.72,5,I'm Sorry Smith Jaxon,141.82,15,Tommy DeVito,52.1
2024,10,57,14,Max Top Vic Bottom,GOLA,110.04,7,2F2F (RIP Rashee),CURT,69.84,HOME,NONE,False,40.2,14,Max Top Vic Bottom,110.04,7,2F2F (RIP Rashee),69.84
2024,10,58,16,Prolapsed Jameis,Oops,81.78,13,We're Onto 2025,DUMP,120.2,AWAY,NONE,False,38.42,13,We're Onto 2025,120.2,16,Prolapsed Jameis,81.78
2024,10,59,1,Clowntown Jabronis,JOOS,83.9,17,Hock Tuah,vkng,113.9,AWAY,NONE,False,30.0,17,Hock Tuah,113.9,1,Clowntown Jabronis,83.9
2024,10,60,10,Fk it chuck it Game time shit,LYDE,110.12,11,The Twins,MRVP,76.1,HOME,NONE,False,34.02,10,Fk it chuck it Game time shit,110.12,11,The Twins,76.1
2024,11,61,9,Who Killed Charbonnet Ramsey,WAP,111.24,5,I'm Sorry Smith Jaxon,JSN,163.26,AWAY,NONE,False,52.02,5,I'm Sorry Smith Jaxon,163.26,9,Who Killed Charbonnet Ramsey,111.24
2024,11,62,15,Tommy DeVito,kms,99.48,14,Max Top Vic Bottom,GOLA,112.12,AWAY,NONE,False,12.64,14,Max Top Vic Bottom,112.12,15,Tommy DeVito,99.48
2024,11,63,7,2F2F (RIP Rashee),CURT,100.84,16,Prolapsed Jameis,Oops,95.54,HOME,NONE,False,5.3,7,2F2F (RIP Rashee),100.84,16,Prolapsed Jameis,95.54
2024,11,64,13,We're Onto 2025,DUMP,98.4,1,Clowntown Jabronis,JOOS,118.88,AWAY,NONE,False,20.48,1,Clowntown Jabronis,118.88,13,We're Onto 2025,98.4
2024,11,65,17,Hock Tuah,vkng,100.28,10,Fk it chuck it Game time shit,LYDE,98.04,HOME,NONE,False,2.24,17,Hock Tuah,100.28,10,Fk it chuck it Game time shit,98.04
2024,11,66,11,The Twins,MRVP,123.38,12,Will trade for good player pun,JIM,130.8,AWAY,NONE,False,7.42,12,Will trade for good player pun,130.8,11,The Twins,123.38
2024,12,67,9,Who Killed Charbonnet Ramsey,WAP,142.56,14,Max Top Vic Bottom,GOLA,84.4,HOME,NONE,False,58.16,9,Who Killed Charbonnet Ramsey,142.56,14,Max Top Vic Bottom,84.4
2024,12,68,15,Tommy DeVito,kms,92.46,16,Prolapsed Jameis,Oops,112.2,AWAY,NONE,False,19.74,16,Prolapsed Jameis,112.2,15,Tommy DeVito,92.46
2024,12,69,7,2F2F (RIP Rashee),CURT,107.66,1,Clowntown Jabronis,JOOS,93.86,HOME,NONE,False,13.8,7,2F2F (RIP Rashee),107.66,1,Clowntown Jabronis,93.86
2024,12,70,13,We're Onto 2025,DUMP,96.9,10,Fk it chuck it Game time shit,LYDE,88.48,HOME,NONE,False,8.42,13,We're Onto 2025,96.9,10,Fk it chuck it Game time shit,88.48
2024,12,71,17,Hock Tuah,vkng,125.58,12,Will trade for good player pun,JIM,66.38,HOME,NONE,False,59.2,17,Hock Tuah,125.58,12,Will trade for good player pun,66.38
2024,12,72,11,The Twins,MRVP,114.62,5,I'm Sorry Smith Jaxon,JSN,135.7,AWAY,NONE,False,21.08,5,I'm Sorry Smith Jaxon,135.7,11,The Twins,114.62
2024,13,73,16,Prolapsed Jameis,Oops,82.28,9,Who Killed Charbonnet Ramsey,WAP,96.62,AWAY,NONE,False,14.34,9,Who Killed Charbonnet Ramsey,96.62,16,Prolapsed Jameis,82.28
2024,13,74,1,Clowntown Jabronis,JOOS,119.72,15,Tommy DeVito,kms,85.34,HOME,NONE,False,34.38,1,Clowntown Jabronis,119.72,15,Tommy DeVito,85.34
2024,13,75,10,Fk it chuck it Game time shit,LYDE,112.56,7,2F2F (RIP Rashee),CURT,129.84,AWAY,NONE,False,17.28,7,2F2F (RIP Rashee),129.84,10,Fk it chuck it Game time shit,112.56
2024,13,76,12,Will trade for good player pun,JIM,94.0,13,We're Onto 2025,DUMP,96.32,AWAY,NONE,False,2.32,13,We're Onto 2025,96.32,12,Will trade for good player pun,94.0
2024,13,77,5,I'm Sorry Smith Jaxon,JSN,114.1,17,Hock Tuah,vkng,93.48,HOME,NONE,False,20.62,5,I'm Sorry Smith Jaxon,114.1,17,Hock Tuah,93.48
2024,13,78,14,Max Top Vic Bottom,GOLA,120.6,11,The Twins,MRVP,132.06,AWAY,NONE,False,11.46,11,The Twins,132.06,14,Max Top Vic Bottom,120.6
2024,14,79,9,Who Killed Charbonnet Ramsey,WAP,104.72,1,Clowntown Jabronis,JOOS,164.88,AWAY,NONE,False,60.16,1,Clowntown Jabronis,164.88,9,Who Killed Charbonnet Ramsey,104.72
2024,14,80,15,Tommy DeVito,kms,72.5,10,Fk it chuck it Game time shit,LYDE,103.56,AWAY,NONE,False,31.06,10,Fk it chuck it Game time shit,103.56,15,Tommy DeVito,72.5
2024,14,81,7,2F2F (RIP Rashee),CURT,136.4,12,Will trade for good player pun,JIM,60.66,HOME,NONE,False,75.74,7,2F2F (RIP Rashee),136.4,12,Will trade for good player pun,60.66
2024,14,82,13,We're Onto 2025,DUMP,98.42,5,I'm Sorry Smith Jaxon,JSN,139.98,AWAY,NONE,False,41.56,5,I'm Sorry Smith Jaxon,139.98,13,We're Onto 2025,98.42
2024,14,83,17,Hock Tuah,vkng,112.22,14,Max Top Vic Bottom,GOLA,100.46,HOME,NONE,False,11.76,17,Hock Tuah,112.22,14,Max Top Vic Bottom,100.46
2024,14,84,11,The Twins,MRVP,102.34,16,Prolapsed Jameis,Oops,127.02,AWAY,NONE,False,24.68,16,Prolapsed Jameis,127.02,11,The Twins,102.34
2024,15,85,5,I'm Sorry Smith Jaxon,JSN,111.48,1,Clowntown Jabronis,JOOS,153.58,AWAY,WINNERS_BRACKET,True,42.1,1,Clowntown Jabronis,153.58,5,I'm Sorry Smith Jaxon,111.48
2024,15,86,17,Hock Tuah,vkng,118.2,12,Will trade for good player pun,JIM,122.64,AWAY,WINNERS_BRACKET,True,4.44,12,Will trade for good player pun,122.64,17,Hock Tuah,118.2
2024,15,87,7,2F2F (RIP Rashee),CURT,128.66,11,The Twins,MRVP,96.2,HOME,WINNERS_BRACKET,True,32.46,7,2F2F (RIP Rashee),128.66,11,The Twins,96.2
2024,15,88,9,Who Killed Charbonnet Ramsey,WAP,121.9,10,Fk it chuck it Game time shit,LYDE,127.44,AWAY,WINNERS_BRACKET,True,5.54,10,Fk it chuck it Game time shit,127.44,9,Who Killed Charbonnet Ramsey,121.9
2024,15,89,16,Prolapsed Jameis,Oops,121.34,14,Max Top Vic Bottom,GOLA,84.16,HOME,LOSERS_CONSOLATION_LADDER,True,37.18,16,Prolapsed Jameis,121.34,14,Max Top Vic Bottom,84.16
2024,15,90,13,We're Onto 2025,DUMP,82.4,15,Tommy DeVito,kms,146.76,AWAY,LOSERS_CONSOLATION_LADDER,True,64.36,15,Tommy DeVito,146.76,13,We're Onto 2025,82.4
2024,16,91,12,Will trade for good player pun,JIM,128.96,1,Clowntown Jabronis,JOOS,109.46,HOME,WINNERS_BRACKET,True,19.5,12,Will trade for good player pun,128.96,1,Clowntown Jabronis,109.46
2024,16,92,7,2F2F (RIP Rashee),CURT,150.4,10,Fk it chuck it Game time shit,LYDE,118.28,HOME,WINNERS_BRACKET,True,32.12,7,2F2F (RIP Rashee),150.4,10,Fk it chuck it Game time shit,118.28
2024,16,93,5,I'm Sorry Smith Jaxon,JSN,144.62,9,Who Killed Charbonnet Ramsey,WAP,107.24,HOME,WINNERS_CONSOLATION_LADDER,True,37.38,5,I'm Sorry Smith Jaxon,144.62,9,Who Killed Charbonnet Ramsey,107.24
2024,16,94,17,Hock Tuah,vkng,75.38,11,The Twins,MRVP,145.72,AWAY,WINNERS_CONSOLATION_LADDER,True,70.34,11,The Twins,145.72,17,Hock Tuah,75.38
2024,16,95,16,Prolapsed Jameis,Oops,101.42,15,Tommy DeVito,kms,114.62,AWAY,LOSERS_CONSOLATION_LADDER,True,13.2,15,Tommy DeVito,114.62,16,Prolapsed Jameis,101.42
2024,16,96,14,Max Top Vic Bottom,GOLA,97.58,13,We're Onto 2025,DUMP,75.7,HOME,LOSERS_CONSOLATION_LADDER,True,21.88,14,Max Top Vic Bottom,97.58,13,We're Onto 2025,75.7
2024,17,97,7,2F2F (RIP Rashee),CURT,98.7,12,Will trade for good player pun,JIM,138.78,AWAY,WINNERS_BRACKET,True,40.08,12,Will trade for good player pun,138.78,7,2F2F (RIP Rashee),98.7
2024,17,98,10,Fk it chuck it Game time shit,LYDE,152.18,1,Clowntown Jabronis,JOOS,111.38,HOME,WINNERS_CONSOLATION_LADDER,True,40.8,10,Fk it chuck it Game time shit,152.18,1,Clowntown Jabronis,111.38
2024,17,99,5,I'm Sorry Smith Jaxon,JSN,175.58,11,The Twins,MRVP,110.46,HOME,WINNERS_CONSOLATION_LADDER,True,65.12,5,I'm Sorry Smith Jaxon,175.58,11,The Twins,110.46
2024,17,100,9,Who Killed Charbonnet Ramsey,WAP,74.1,17,Hock Tuah,vkng,94.82,AWAY,WINNERS_CONSOLATION_LADDER,True,20.72,17,Hock Tuah,94.82,9,Who Killed Charbonnet Ramsey,74.1
2024,17,101,14,Max Top Vic Bottom,GOLA,90.44,15,Tommy DeVito,kms,92.36,AWAY,LOSERS_CONSOLATION_LADDER,True,1.92,15,Tommy DeVito,92.36,14,Max Top Vic Bottom,90.44
2024,17,102,16,Prolapsed Jameis,Oops,98.78,13,We're Onto 2025,DUMP,96.86,HOME,LOSERS_CONSOLATION_LADDER,True,1.92,16,Prolapsed Jameis,98.78,13,We're Onto 2025,96.86
